scale,T,pH,F1,F2,F3,Y,mean Y per recipe,std Y per recipe,Y / Y_pilot,normalized std,mean Y / Y_pilot,mean normalized std,scale multiplier,mean scale multiplier,mean std
micro,47.454360279517104,7.728101954803803,1.7858450094389746,1.0118731203422475,1.3004618274689124,0.1759408177852083,0.16768486861294324,0.023899119529845365,0.1059833575248716,0.22549879611274656,0.1016396052593024,0.2027552065312234,9.435443671100197,10.042909630916036,0.019977964846977798
micro,47.454360279517104,7.728101954803803,1.7858450094389746,1.0118731203422475,1.3004618274689124,0.160087975611598,0.16768486861294324,0.023899119529845365,0.1059833575248716,0.22549879611274656,0.1016396052593024,0.2027552065312234,9.435443671100197,10.042909630916036,0.019977964846977798
micro,47.454360279517104,7.728101954803803,1.7858450094389746,1.0118731203422475,1.3004618274689124,0.1573209216135861,0.16768486861294324,0.023899119529845365,0.1059833575248716,0.22549879611274656,0.1016396052593024,0.2027552065312234,9.435443671100197,10.042909630916036,0.019977964846977798
micro,47.454360279517104,7.728101954803803,1.7858450094389746,1.0118731203422475,1.3004618274689124,0.1604421055607385,0.16768486861294324,0.023899119529845365,0.1059833575248716,0.22549879611274656,0.1016396052593024,0.2027552065312234,9.435443671100197,10.042909630916036,0.019977964846977798
micro,47.454360279517104,7.728101954803803,1.7858450094389746,1.0118731203422475,1.3004618274689124,0.1726372430664893,0.16768486861294324,0.023899119529845365,0.1059833575248716,0.22549879611274656,0.1016396052593024,0.2027552065312234,9.435443671100197,10.042909630916036,0.019977964846977798
micro,47.454360279517104,7.728101954803803,1.7858450094389746,1.0118731203422475,1.3004618274689124,0.1685522778131854,0.16768486861294324,0.023899119529845365,0.1059833575248716,0.22549879611274656,0.1016396052593024,0.2027552065312234,9.435443671100197,10.042909630916036,0.019977964846977798
micro,47.454360279517104,7.728101954803803,1.7858450094389746,1.0118731203422475,1.3004618274689124,0.2151247477084557,0.16768486861294324,0.023899119529845365,0.1059833575248716,0.22549879611274656,0.1016396052593024,0.2027552065312234,9.435443671100197,10.042909630916036,0.019977964846977798
micro,47.454360279517104,7.728101954803803,1.7858450094389746,1.0118731203422475,1.3004618274689124,0.1831783837731926,0.16768486861294324,0.023899119529845365,0.1059833575248716,0.22549879611274656,0.1016396052593024,0.2027552065312234,9.435443671100197,10.042909630916036,0.019977964846977798
micro,47.454360279517104,7.728101954803803,1.7858450094389746,1.0118731203422475,1.3004618274689124,0.1312521881162741,0.16768486861294324,0.023899119529845365,0.1059833575248716,0.22549879611274656,0.1016396052593024,0.2027552065312234,9.435443671100197,10.042909630916036,0.019977964846977798
micro,47.454360279517104,7.728101954803803,1.7858450094389746,1.0118731203422475,1.3004618274689124,0.1596616785705502,0.16768486861294324,0.023899119529845365,0.1059833575248716,0.22549879611274656,0.1016396052593024,0.2027552065312234,9.435443671100197,10.042909630916036,0.019977964846977798
micro,47.454360279517104,7.728101954803803,1.7858450094389746,1.0118731203422475,1.3004618274689124,0.1880308872032338,0.16768486861294324,0.023899119529845365,0.1059833575248716,0.22549879611274656,0.1016396052593024,0.2027552065312234,9.435443671100197,10.042909630916036,0.019977964846977798
micro,47.454360279517104,7.728101954803803,1.7858450094389746,1.0118731203422475,1.3004618274689124,0.1742639289901111,0.16768486861294324,0.023899119529845365,0.1059833575248716,0.22549879611274656,0.1016396052593024,0.2027552065312234,9.435443671100197,10.042909630916036,0.019977964846977798
micro,47.454360279517104,7.728101954803803,1.7858450094389746,1.0118731203422475,1.3004618274689124,0.15847666133952,0.16768486861294324,0.023899119529845365,0.1059833575248716,0.22549879611274656,0.1016396052593024,0.2027552065312234,9.435443671100197,10.042909630916036,0.019977964846977798
micro,47.454360279517104,7.728101954803803,1.7858450094389746,1.0118731203422475,1.3004618274689124,0.2159429961558518,0.16768486861294324,0.023899119529845365,0.1059833575248716,0.22549879611274656,0.1016396052593024,0.2027552065312234,9.435443671100197,10.042909630916036,0.019977964846977798
micro,47.454360279517104,7.728101954803803,1.7858450094389746,1.0118731203422475,1.3004618274689124,0.1641406002498576,0.16768486861294324,0.023899119529845365,0.1059833575248716,0.22549879611274656,0.1016396052593024,0.2027552065312234,9.435443671100197,10.042909630916036,0.019977964846977798
micro,47.454360279517104,7.728101954803803,1.7858450094389746,1.0118731203422475,1.3004618274689124,0.1780849309583385,0.16768486861294324,0.023899119529845365,0.1059833575248716,0.22549879611274656,0.1016396052593024,0.2027552065312234,9.435443671100197,10.042909630916036,0.019977964846977798
micro,47.454360279517104,7.728101954803803,1.7858450094389746,1.0118731203422475,1.3004618274689124,0.1270316038042379,0.16768486861294324,0.023899119529845365,0.1059833575248716,0.22549879611274656,0.1016396052593024,0.2027552065312234,9.435443671100197,10.042909630916036,0.019977964846977798
micro,47.454360279517104,7.728101954803803,1.7858450094389746,1.0118731203422475,1.3004618274689124,0.1240636059321075,0.16768486861294324,0.023899119529845365,0.1059833575248716,0.22549879611274656,0.1016396052593024,0.2027552065312234,9.435443671100197,10.042909630916036,0.019977964846977798
micro,47.454360279517104,7.728101954803803,1.7858450094389746,1.0118731203422475,1.3004618274689124,0.1769214046294502,0.16768486861294324,0.023899119529845365,0.1059833575248716,0.22549879611274656,0.1016396052593024,0.2027552065312234,9.435443671100197,10.042909630916036,0.019977964846977798
micro,47.454360279517104,7.728101954803803,1.7858450094389746,1.0118731203422475,1.3004618274689124,0.1625424133768776,0.16768486861294324,0.023899119529845365,0.1059833575248716,0.22549879611274656,0.1016396052593024,0.2027552065312234,9.435443671100197,10.042909630916036,0.019977964846977798
micro,24.2080343676954,5.410315939556034,0.7113086021443186,0.1942973886395463,0.4317697837783722,0.1197301567344002,0.13070769613898864,0.0133394248740089,0.1061257436201079,0.12569452442905138,0.1016396052593024,0.2027552065312234,9.422784386601247,10.042909630916036,0.019977964846977798
micro,24.2080343676954,5.410315939556034,0.7113086021443186,0.1942973886395463,0.4317697837783722,0.1427358308341154,0.13070769613898864,0.0133394248740089,0.1061257436201079,0.12569452442905138,0.1016396052593024,0.2027552065312234,9.422784386601247,10.042909630916036,0.019977964846977798
micro,24.2080343676954,5.410315939556034,0.7113086021443186,0.1942973886395463,0.4317697837783722,0.1121209099609375,0.13070769613898864,0.0133394248740089,0.1061257436201079,0.12569452442905138,0.1016396052593024,0.2027552065312234,9.422784386601247,10.042909630916036,0.019977964846977798
micro,24.2080343676954,5.410315939556034,0.7113086021443186,0.1942973886395463,0.4317697837783722,0.1339687235225352,0.13070769613898864,0.0133394248740089,0.1061257436201079,0.12569452442905138,0.1016396052593024,0.2027552065312234,9.422784386601247,10.042909630916036,0.019977964846977798
micro,24.2080343676954,5.410315939556034,0.7113086021443186,0.1942973886395463,0.4317697837783722,0.1161249068640122,0.13070769613898864,0.0133394248740089,0.1061257436201079,0.12569452442905138,0.1016396052593024,0.2027552065312234,9.422784386601247,10.042909630916036,0.019977964846977798
micro,24.2080343676954,5.410315939556034,0.7113086021443186,0.1942973886395463,0.4317697837783722,0.116599213461199,0.13070769613898864,0.0133394248740089,0.1061257436201079,0.12569452442905138,0.1016396052593024,0.2027552065312234,9.422784386601247,10.042909630916036,0.019977964846977798
micro,24.2080343676954,5.410315939556034,0.7113086021443186,0.1942973886395463,0.4317697837783722,0.1265040561812792,0.13070769613898864,0.0133394248740089,0.1061257436201079,0.12569452442905138,0.1016396052593024,0.2027552065312234,9.422784386601247,10.042909630916036,0.019977964846977798
micro,24.2080343676954,5.410315939556034,0.7113086021443186,0.1942973886395463,0.4317697837783722,0.1319599606381918,0.13070769613898864,0.0133394248740089,0.1061257436201079,0.12569452442905138,0.1016396052593024,0.2027552065312234,9.422784386601247,10.042909630916036,0.019977964846977798
micro,24.2080343676954,5.410315939556034,0.7113086021443186,0.1942973886395463,0.4317697837783722,0.1351842750216302,0.13070769613898864,0.0133394248740089,0.1061257436201079,0.12569452442905138,0.1016396052593024,0.2027552065312234,9.422784386601247,10.042909630916036,0.019977964846977798
micro,24.2080343676954,5.410315939556034,0.7113086021443186,0.1942973886395463,0.4317697837783722,0.1571601765627728,0.13070769613898864,0.0133394248740089,0.1061257436201079,0.12569452442905138,0.1016396052593024,0.2027552065312234,9.422784386601247,10.042909630916036,0.019977964846977798
micro,24.2080343676954,5.410315939556034,0.7113086021443186,0.1942973886395463,0.4317697837783722,0.1120719872450549,0.13070769613898864,0.0133394248740089,0.1061257436201079,0.12569452442905138,0.1016396052593024,0.2027552065312234,9.422784386601247,10.042909630916036,0.019977964846977798
micro,24.2080343676954,5.410315939556034,0.7113086021443186,0.1942973886395463,0.4317697837783722,0.1341680613654107,0.13070769613898864,0.0133394248740089,0.1061257436201079,0.12569452442905138,0.1016396052593024,0.2027552065312234,9.422784386601247,10.042909630916036,0.019977964846977798
micro,24.2080343676954,5.410315939556034,0.7113086021443186,0.1942973886395463,0.4317697837783722,0.1320237230810066,0.13070769613898864,0.0133394248740089,0.1061257436201079,0.12569452442905138,0.1016396052593024,0.2027552065312234,9.422784386601247,10.042909630916036,0.019977964846977798
micro,24.2080343676954,5.410315939556034,0.7113086021443186,0.1942973886395463,0.4317697837783722,0.1563709091145148,0.13070769613898864,0.0133394248740089,0.1061257436201079,0.12569452442905138,0.1016396052593024,0.2027552065312234,9.422784386601247,10.042909630916036,0.019977964846977798
micro,24.2080343676954,5.410315939556034,0.7113086021443186,0.1942973886395463,0.4317697837783722,0.1215082547163163,0.13070769613898864,0.0133394248740089,0.1061257436201079,0.12569452442905138,0.1016396052593024,0.2027552065312234,9.422784386601247,10.042909630916036,0.019977964846977798
micro,24.2080343676954,5.410315939556034,0.7113086021443186,0.1942973886395463,0.4317697837783722,0.1462298825872859,0.13070769613898864,0.0133394248740089,0.1061257436201079,0.12569452442905138,0.1016396052593024,0.2027552065312234,9.422784386601247,10.042909630916036,0.019977964846977798
micro,24.2080343676954,5.410315939556034,0.7113086021443186,0.1942973886395463,0.4317697837783722,0.1263728047623583,0.13070769613898864,0.0133394248740089,0.1061257436201079,0.12569452442905138,0.1016396052593024,0.2027552065312234,9.422784386601247,10.042909630916036,0.019977964846977798
micro,24.2080343676954,5.410315939556034,0.7113086021443186,0.1942973886395463,0.4317697837783722,0.1423189464570797,0.13070769613898864,0.0133394248740089,0.1061257436201079,0.12569452442905138,0.1016396052593024,0.2027552065312234,9.422784386601247,10.042909630916036,0.019977964846977798
micro,24.2080343676954,5.410315939556034,0.7113086021443186,0.1942973886395463,0.4317697837783722,0.1202159059300849,0.13070769613898864,0.0133394248740089,0.1061257436201079,0.12569452442905138,0.1016396052593024,0.2027552065312234,9.422784386601247,10.042909630916036,0.019977964846977798
micro,24.2080343676954,5.410315939556034,0.7113086021443186,0.1942973886395463,0.4317697837783722,0.1307852377395865,0.13070769613898864,0.0133394248740089,0.1061257436201079,0.12569452442905138,0.1016396052593024,0.2027552065312234,9.422784386601247,10.042909630916036,0.019977964846977798
micro,59.83066347347517,8.56377001069653,0.9937596124577452,1.7322142704589818,0.376434864109482,0.1427082598500678,0.13269370148632292,0.017275827045577546,0.1074415355828288,0.16079281584968846,0.1016396052593024,0.2027552065312234,9.307387451001945,10.042909630916036,0.019977964846977798
micro,59.83066347347517,8.56377001069653,0.9937596124577452,1.7322142704589818,0.376434864109482,0.1460594603239975,0.13269370148632292,0.017275827045577546,0.1074415355828288,0.16079281584968846,0.1016396052593024,0.2027552065312234,9.307387451001945,10.042909630916036,0.019977964846977798
micro,59.83066347347517,8.56377001069653,0.9937596124577452,1.7322142704589818,0.376434864109482,0.1488950692675348,0.13269370148632292,0.017275827045577546,0.1074415355828288,0.16079281584968846,0.1016396052593024,0.2027552065312234,9.307387451001945,10.042909630916036,0.019977964846977798
micro,59.83066347347517,8.56377001069653,0.9937596124577452,1.7322142704589818,0.376434864109482,0.1390899097685584,0.13269370148632292,0.017275827045577546,0.1074415355828288,0.16079281584968846,0.1016396052593024,0.2027552065312234,9.307387451001945,10.042909630916036,0.019977964846977798
micro,59.83066347347517,8.56377001069653,0.9937596124577452,1.7322142704589818,0.376434864109482,0.130337343629769,0.13269370148632292,0.017275827045577546,0.1074415355828288,0.16079281584968846,0.1016396052593024,0.2027552065312234,9.307387451001945,10.042909630916036,0.019977964846977798
micro,59.83066347347517,8.56377001069653,0.9937596124577452,1.7322142704589818,0.376434864109482,0.109326745971564,0.13269370148632292,0.017275827045577546,0.1074415355828288,0.16079281584968846,0.1016396052593024,0.2027552065312234,9.307387451001945,10.042909630916036,0.019977964846977798
micro,59.83066347347517,8.56377001069653,0.9937596124577452,1.7322142704589818,0.376434864109482,0.1174229891109443,0.13269370148632292,0.017275827045577546,0.1074415355828288,0.16079281584968846,0.1016396052593024,0.2027552065312234,9.307387451001945,10.042909630916036,0.019977964846977798
micro,59.83066347347517,8.56377001069653,0.9937596124577452,1.7322142704589818,0.376434864109482,0.1207710763780849,0.13269370148632292,0.017275827045577546,0.1074415355828288,0.16079281584968846,0.1016396052593024,0.2027552065312234,9.307387451001945,10.042909630916036,0.019977964846977798
micro,59.83066347347517,8.56377001069653,0.9937596124577452,1.7322142704589818,0.376434864109482,0.1672290847493449,0.13269370148632292,0.017275827045577546,0.1074415355828288,0.16079281584968846,0.1016396052593024,0.2027552065312234,9.307387451001945,10.042909630916036,0.019977964846977798
micro,59.83066347347517,8.56377001069653,0.9937596124577452,1.7322142704589818,0.376434864109482,0.1438819977100678,0.13269370148632292,0.017275827045577546,0.1074415355828288,0.16079281584968846,0.1016396052593024,0.2027552065312234,9.307387451001945,10.042909630916036,0.019977964846977798
micro,59.83066347347517,8.56377001069653,0.9937596124577452,1.7322142704589818,0.376434864109482,0.1421907961370209,0.13269370148632292,0.017275827045577546,0.1074415355828288,0.16079281584968846,0.1016396052593024,0.2027552065312234,9.307387451001945,10.042909630916036,0.019977964846977798
micro,59.83066347347517,8.56377001069653,0.9937596124577452,1.7322142704589818,0.376434864109482,0.11376672062092,0.13269370148632292,0.017275827045577546,0.1074415355828288,0.16079281584968846,0.1016396052593024,0.2027552065312234,9.307387451001945,10.042909630916036,0.019977964846977798
micro,59.83066347347517,8.56377001069653,0.9937596124577452,1.7322142704589818,0.376434864109482,0.1561593431086736,0.13269370148632292,0.017275827045577546,0.1074415355828288,0.16079281584968846,0.1016396052593024,0.2027552065312234,9.307387451001945,10.042909630916036,0.019977964846977798
micro,59.83066347347517,8.56377001069653,0.9937596124577452,1.7322142704589818,0.376434864109482,0.116977298859167,0.13269370148632292,0.017275827045577546,0.1074415355828288,0.16079281584968846,0.1016396052593024,0.2027552065312234,9.307387451001945,10.042909630916036,0.019977964846977798
micro,59.83066347347517,8.56377001069653,0.9937596124577452,1.7322142704589818,0.376434864109482,0.1297625534597792,0.13269370148632292,0.017275827045577546,0.1074415355828288,0.16079281584968846,0.1016396052593024,0.2027552065312234,9.307387451001945,10.042909630916036,0.019977964846977798
micro,59.83066347347517,8.56377001069653,0.9937596124577452,1.7322142704589818,0.376434864109482,0.1164537101939112,0.13269370148632292,0.017275827045577546,0.1074415355828288,0.16079281584968846,0.1016396052593024,0.2027552065312234,9.307387451001945,10.042909630916036,0.019977964846977798
micro,59.83066347347517,8.56377001069653,0.9937596124577452,1.7322142704589818,0.376434864109482,0.1108936098339479,0.13269370148632292,0.017275827045577546,0.1074415355828288,0.16079281584968846,0.1016396052593024,0.2027552065312234,9.307387451001945,10.042909630916036,0.019977964846977798
micro,59.83066347347517,8.56377001069653,0.9937596124577452,1.7322142704589818,0.376434864109482,0.129182075594671,0.13269370148632292,0.017275827045577546,0.1074415355828288,0.16079281584968846,0.1016396052593024,0.2027552065312234,9.307387451001945,10.042909630916036,0.019977964846977798
micro,59.83066347347517,8.56377001069653,0.9937596124577452,1.7322142704589818,0.376434864109482,0.1162543499069142,0.13269370148632292,0.017275827045577546,0.1074415355828288,0.16079281584968846,0.1016396052593024,0.2027552065312234,9.307387451001945,10.042909630916036,0.019977964846977798
micro,59.83066347347517,8.56377001069653,0.9937596124577452,1.7322142704589818,0.376434864109482,0.15651163525152,0.13269370148632292,0.017275827045577546,0.1074415355828288,0.16079281584968846,0.1016396052593024,0.2027552065312234,9.307387451001945,10.042909630916036,0.019977964846977798
micro,28.78992378316696,8.962699134684907,1.167396930856356,0.8210016310269816,0.0812879062925603,0.1097197159823008,0.11979333881866867,0.0188168499066621,0.1028592805639793,0.18293779427086168,0.1016396052593024,0.2027552065312234,9.722020166940515,10.042909630916036,0.019977964846977798
micro,28.78992378316696,8.962699134684907,1.167396930856356,0.8210016310269816,0.0812879062925603,0.1298436458994409,0.11979333881866867,0.0188168499066621,0.1028592805639793,0.18293779427086168,0.1016396052593024,0.2027552065312234,9.722020166940515,10.042909630916036,0.019977964846977798
micro,28.78992378316696,8.962699134684907,1.167396930856356,0.8210016310269816,0.0812879062925603,0.1281526249525471,0.11979333881866867,0.0188168499066621,0.1028592805639793,0.18293779427086168,0.1016396052593024,0.2027552065312234,9.722020166940515,10.042909630916036,0.019977964846977798
micro,28.78992378316696,8.962699134684907,1.167396930856356,0.8210016310269816,0.0812879062925603,0.1365734860522666,0.11979333881866867,0.0188168499066621,0.1028592805639793,0.18293779427086168,0.1016396052593024,0.2027552065312234,9.722020166940515,10.042909630916036,0.019977964846977798
micro,28.78992378316696,8.962699134684907,1.167396930856356,0.8210016310269816,0.0812879062925603,0.0961139608520555,0.11979333881866867,0.0188168499066621,0.1028592805639793,0.18293779427086168,0.1016396052593024,0.2027552065312234,9.722020166940515,10.042909630916036,0.019977964846977798
micro,28.78992378316696,8.962699134684907,1.167396930856356,0.8210016310269816,0.0812879062925603,0.1022593386504764,0.11979333881866867,0.0188168499066621,0.1028592805639793,0.18293779427086168,0.1016396052593024,0.2027552065312234,9.722020166940515,10.042909630916036,0.019977964846977798
micro,28.78992378316696,8.962699134684907,1.167396930856356,0.8210016310269816,0.0812879062925603,0.1112120391881411,0.11979333881866867,0.0188168499066621,0.1028592805639793,0.18293779427086168,0.1016396052593024,0.2027552065312234,9.722020166940515,10.042909630916036,0.019977964846977798
micro,28.78992378316696,8.962699134684907,1.167396930856356,0.8210016310269816,0.0812879062925603,0.1403079659104518,0.11979333881866867,0.0188168499066621,0.1028592805639793,0.18293779427086168,0.1016396052593024,0.2027552065312234,9.722020166940515,10.042909630916036,0.019977964846977798
micro,28.78992378316696,8.962699134684907,1.167396930856356,0.8210016310269816,0.0812879062925603,0.095336438147035,0.11979333881866867,0.0188168499066621,0.1028592805639793,0.18293779427086168,0.1016396052593024,0.2027552065312234,9.722020166940515,10.042909630916036,0.019977964846977798
micro,28.78992378316696,8.962699134684907,1.167396930856356,0.8210016310269816,0.0812879062925603,0.1170167851122852,0.11979333881866867,0.0188168499066621,0.1028592805639793,0.18293779427086168,0.1016396052593024,0.2027552065312234,9.722020166940515,10.042909630916036,0.019977964846977798
micro,28.78992378316696,8.962699134684907,1.167396930856356,0.8210016310269816,0.0812879062925603,0.1410686135514011,0.11979333881866867,0.0188168499066621,0.1028592805639793,0.18293779427086168,0.1016396052593024,0.2027552065312234,9.722020166940515,10.042909630916036,0.019977964846977798
micro,28.78992378316696,8.962699134684907,1.167396930856356,0.8210016310269816,0.0812879062925603,0.114843579562915,0.11979333881866867,0.0188168499066621,0.1028592805639793,0.18293779427086168,0.1016396052593024,0.2027552065312234,9.722020166940515,10.042909630916036,0.019977964846977798
micro,28.78992378316696,8.962699134684907,1.167396930856356,0.8210016310269816,0.0812879062925603,0.1417752709382995,0.11979333881866867,0.0188168499066621,0.1028592805639793,0.18293779427086168,0.1016396052593024,0.2027552065312234,9.722020166940515,10.042909630916036,0.019977964846977798
micro,28.78992378316696,8.962699134684907,1.167396930856356,0.8210016310269816,0.0812879062925603,0.0943328630846409,0.11979333881866867,0.0188168499066621,0.1028592805639793,0.18293779427086168,0.1016396052593024,0.2027552065312234,9.722020166940515,10.042909630916036,0.019977964846977798
micro,28.78992378316696,8.962699134684907,1.167396930856356,0.8210016310269816,0.0812879062925603,0.1475446565865709,0.11979333881866867,0.0188168499066621,0.1028592805639793,0.18293779427086168,0.1016396052593024,0.2027552065312234,9.722020166940515,10.042909630916036,0.019977964846977798
micro,28.78992378316696,8.962699134684907,1.167396930856356,0.8210016310269816,0.0812879062925603,0.1224951271128815,0.11979333881866867,0.0188168499066621,0.1028592805639793,0.18293779427086168,0.1016396052593024,0.2027552065312234,9.722020166940515,10.042909630916036,0.019977964846977798
micro,28.78992378316696,8.962699134684907,1.167396930856356,0.8210016310269816,0.0812879062925603,0.1427756066758506,0.11979333881866867,0.0188168499066621,0.1028592805639793,0.18293779427086168,0.1016396052593024,0.2027552065312234,9.722020166940515,10.042909630916036,0.019977964846977798
micro,28.78992378316696,8.962699134684907,1.167396930856356,0.8210016310269816,0.0812879062925603,0.0839212800476585,0.11979333881866867,0.0188168499066621,0.1028592805639793,0.18293779427086168,0.1016396052593024,0.2027552065312234,9.722020166940515,10.042909630916036,0.019977964846977798
micro,28.78992378316696,8.962699134684907,1.167396930856356,0.8210016310269816,0.0812879062925603,0.1189672059427223,0.11979333881866867,0.0188168499066621,0.1028592805639793,0.18293779427086168,0.1016396052593024,0.2027552065312234,9.722020166940515,10.042909630916036,0.019977964846977798
micro,28.78992378316696,8.962699134684907,1.167396930856356,0.8210016310269816,0.0812879062925603,0.1216065721234324,0.11979333881866867,0.0188168499066621,0.1028592805639793,0.18293779427086168,0.1016396052593024,0.2027552065312234,9.722020166940515,10.042909630916036,0.019977964846977798
micro,27.133202650189684,6.494410197555484,0.4894325215795773,0.7489880759072334,0.1127422268048163,0.0697911064071062,0.11295200435260848,0.0236312518089361,0.1001813848686771,0.2358846590103854,0.1016396052593024,0.2027552065312234,9.98189435403444,10.042909630916036,0.019977964846977798
micro,27.133202650189684,6.494410197555484,0.4894325215795773,0.7489880759072334,0.1127422268048163,0.112058454935101,0.11295200435260848,0.0236312518089361,0.1001813848686771,0.2358846590103854,0.1016396052593024,0.2027552065312234,9.98189435403444,10.042909630916036,0.019977964846977798
micro,27.133202650189684,6.494410197555484,0.4894325215795773,0.7489880759072334,0.1127422268048163,0.130577407144302,0.11295200435260848,0.0236312518089361,0.1001813848686771,0.2358846590103854,0.1016396052593024,0.2027552065312234,9.98189435403444,10.042909630916036,0.019977964846977798
micro,27.133202650189684,6.494410197555484,0.4894325215795773,0.7489880759072334,0.1127422268048163,0.1169658987055455,0.11295200435260848,0.0236312518089361,0.1001813848686771,0.2358846590103854,0.1016396052593024,0.2027552065312234,9.98189435403444,10.042909630916036,0.019977964846977798
micro,27.133202650189684,6.494410197555484,0.4894325215795773,0.7489880759072334,0.1127422268048163,0.1371900526594684,0.11295200435260848,0.0236312518089361,0.1001813848686771,0.2358846590103854,0.1016396052593024,0.2027552065312234,9.98189435403444,10.042909630916036,0.019977964846977798
micro,27.133202650189684,6.494410197555484,0.4894325215795773,0.7489880759072334,0.1127422268048163,0.1022119633602381,0.11295200435260848,0.0236312518089361,0.1001813848686771,0.2358846590103854,0.1016396052593024,0.2027552065312234,9.98189435403444,10.042909630916036,0.019977964846977798
micro,27.133202650189684,6.494410197555484,0.4894325215795773,0.7489880759072334,0.1127422268048163,0.1270004950071624,0.11295200435260848,0.0236312518089361,0.1001813848686771,0.2358846590103854,0.1016396052593024,0.2027552065312234,9.98189435403444,10.042909630916036,0.019977964846977798
micro,27.133202650189684,6.494410197555484,0.4894325215795773,0.7489880759072334,0.1127422268048163,0.1232574045220117,0.11295200435260848,0.0236312518089361,0.1001813848686771,0.2358846590103854,0.1016396052593024,0.2027552065312234,9.98189435403444,10.042909630916036,0.019977964846977798
micro,27.133202650189684,6.494410197555484,0.4894325215795773,0.7489880759072334,0.1127422268048163,0.1157908286053113,0.11295200435260848,0.0236312518089361,0.1001813848686771,0.2358846590103854,0.1016396052593024,0.2027552065312234,9.98189435403444,10.042909630916036,0.019977964846977798
micro,27.133202650189684,6.494410197555484,0.4894325215795773,0.7489880759072334,0.1127422268048163,0.1405368447482718,0.11295200435260848,0.0236312518089361,0.1001813848686771,0.2358846590103854,0.1016396052593024,0.2027552065312234,9.98189435403444,10.042909630916036,0.019977964846977798
micro,27.133202650189684,6.494410197555484,0.4894325215795773,0.7489880759072334,0.1127422268048163,0.0990192233847738,0.11295200435260848,0.0236312518089361,0.1001813848686771,0.2358846590103854,0.1016396052593024,0.2027552065312234,9.98189435403444,10.042909630916036,0.019977964846977798
micro,27.133202650189684,6.494410197555484,0.4894325215795773,0.7489880759072334,0.1127422268048163,0.1017043711210998,0.11295200435260848,0.0236312518089361,0.1001813848686771,0.2358846590103854,0.1016396052593024,0.2027552065312234,9.98189435403444,10.042909630916036,0.019977964846977798
micro,27.133202650189684,6.494410197555484,0.4894325215795773,0.7489880759072334,0.1127422268048163,0.1035689147955034,0.11295200435260848,0.0236312518089361,0.1001813848686771,0.2358846590103854,0.1016396052593024,0.2027552065312234,9.98189435403444,10.042909630916036,0.019977964846977798
micro,27.133202650189684,6.494410197555484,0.4894325215795773,0.7489880759072334,0.1127422268048163,0.0856268111069191,0.11295200435260848,0.0236312518089361,0.1001813848686771,0.2358846590103854,0.1016396052593024,0.2027552065312234,9.98189435403444,10.042909630916036,0.019977964846977798
micro,27.133202650189684,6.494410197555484,0.4894325215795773,0.7489880759072334,0.1127422268048163,0.1641489246992007,0.11295200435260848,0.0236312518089361,0.1001813848686771,0.2358846590103854,0.1016396052593024,0.2027552065312234,9.98189435403444,10.042909630916036,0.019977964846977798
micro,27.133202650189684,6.494410197555484,0.4894325215795773,0.7489880759072334,0.1127422268048163,0.1131189680789054,0.11295200435260848,0.0236312518089361,0.1001813848686771,0.2358846590103854,0.1016396052593024,0.2027552065312234,9.98189435403444,10.042909630916036,0.019977964846977798
micro,27.133202650189684,6.494410197555484,0.4894325215795773,0.7489880759072334,0.1127422268048163,0.1027497915814595,0.11295200435260848,0.0236312518089361,0.1001813848686771,0.2358846590103854,0.1016396052593024,0.2027552065312234,9.98189435403444,10.042909630916036,0.019977964846977798
micro,27.133202650189684,6.494410197555484,0.4894325215795773,0.7489880759072334,0.1127422268048163,0.1370926102252934,0.11295200435260848,0.0236312518089361,0.1001813848686771,0.2358846590103854,0.1016396052593024,0.2027552065312234,9.98189435403444,10.042909630916036,0.019977964846977798
micro,27.133202650189684,6.494410197555484,0.4894325215795773,0.7489880759072334,0.1127422268048163,0.1103056013394911,0.11295200435260848,0.0236312518089361,0.1001813848686771,0.2358846590103854,0.1016396052593024,0.2027552065312234,9.98189435403444,10.042909630916036,0.019977964846977798
micro,27.133202650189684,6.494410197555484,0.4894325215795773,0.7489880759072334,0.1127422268048163,0.0663244146250053,0.11295200435260848,0.0236312518089361,0.1001813848686771,0.2358846590103854,0.1016396052593024,0.2027552065312234,9.98189435403444,10.042909630916036,0.019977964846977798
micro,53.44076133252229,4.518791863666897,0.168796329162723,0.2973732801713683,0.955184767502098,0.1051504277705801,0.13054662244579734,0.01807218544035533,0.1025072595490111,0.17630151776435493,0.1016396052593024,0.2027552065312234,9.755406635584443,10.042909630916036,0.019977964846977798
micro,53.44076133252229,4.518791863666897,0.168796329162723,0.2973732801713683,0.955184767502098,0.1135637574450628,0.13054662244579734,0.01807218544035533,0.1025072595490111,0.17630151776435493,0.1016396052593024,0.2027552065312234,9.755406635584443,10.042909630916036,0.019977964846977798
micro,53.44076133252229,4.518791863666897,0.168796329162723,0.2973732801713683,0.955184767502098,0.1584812981498204,0.13054662244579734,0.01807218544035533,0.1025072595490111,0.17630151776435493,0.1016396052593024,0.2027552065312234,9.755406635584443,10.042909630916036,0.019977964846977798
micro,53.44076133252229,4.518791863666897,0.168796329162723,0.2973732801713683,0.955184767502098,0.1462160347768711,0.13054662244579734,0.01807218544035533,0.1025072595490111,0.17630151776435493,0.1016396052593024,0.2027552065312234,9.755406635584443,10.042909630916036,0.019977964846977798
micro,53.44076133252229,4.518791863666897,0.168796329162723,0.2973732801713683,0.955184767502098,0.1051856521176797,0.13054662244579734,0.01807218544035533,0.1025072595490111,0.17630151776435493,0.1016396052593024,0.2027552065312234,9.755406635584443,10.042909630916036,0.019977964846977798
micro,53.44076133252229,4.518791863666897,0.168796329162723,0.2973732801713683,0.955184767502098,0.1245734969665704,0.13054662244579734,0.01807218544035533,0.1025072595490111,0.17630151776435493,0.1016396052593024,0.2027552065312234,9.755406635584443,10.042909630916036,0.019977964846977798
micro,53.44076133252229,4.518791863666897,0.168796329162723,0.2973732801713683,0.955184767502098,0.1317907952053008,0.13054662244579734,0.01807218544035533,0.1025072595490111,0.17630151776435493,0.1016396052593024,0.2027552065312234,9.755406635584443,10.042909630916036,0.019977964846977798
micro,53.44076133252229,4.518791863666897,0.168796329162723,0.2973732801713683,0.955184767502098,0.1666686544972416,0.13054662244579734,0.01807218544035533,0.1025072595490111,0.17630151776435493,0.1016396052593024,0.2027552065312234,9.755406635584443,10.042909630916036,0.019977964846977798
micro,53.44076133252229,4.518791863666897,0.168796329162723,0.2973732801713683,0.955184767502098,0.1293686532310536,0.13054662244579734,0.01807218544035533,0.1025072595490111,0.17630151776435493,0.1016396052593024,0.2027552065312234,9.755406635584443,10.042909630916036,0.019977964846977798
micro,53.44076133252229,4.518791863666897,0.168796329162723,0.2973732801713683,0.955184767502098,0.1062645252270128,0.13054662244579734,0.01807218544035533,0.1025072595490111,0.17630151776435493,0.1016396052593024,0.2027552065312234,9.755406635584443,10.042909630916036,0.019977964846977798
micro,53.44076133252229,4.518791863666897,0.168796329162723,0.2973732801713683,0.955184767502098,0.1333624570244209,0.13054662244579734,0.01807218544035533,0.1025072595490111,0.17630151776435493,0.1016396052593024,0.2027552065312234,9.755406635584443,10.042909630916036,0.019977964846977798
micro,53.44076133252229,4.518791863666897,0.168796329162723,0.2973732801713683,0.955184767502098,0.1395407885842346,0.13054662244579734,0.01807218544035533,0.1025072595490111,0.17630151776435493,0.1016396052593024,0.2027552065312234,9.755406635584443,10.042909630916036,0.019977964846977798
micro,53.44076133252229,4.518791863666897,0.168796329162723,0.2973732801713683,0.955184767502098,0.1291603523031463,0.13054662244579734,0.01807218544035533,0.1025072595490111,0.17630151776435493,0.1016396052593024,0.2027552065312234,9.755406635584443,10.042909630916036,0.019977964846977798
micro,53.44076133252229,4.518791863666897,0.168796329162723,0.2973732801713683,0.955184767502098,0.1220081430391171,0.13054662244579734,0.01807218544035533,0.1025072595490111,0.17630151776435493,0.1016396052593024,0.2027552065312234,9.755406635584443,10.042909630916036,0.019977964846977798
micro,53.44076133252229,4.518791863666897,0.168796329162723,0.2973732801713683,0.955184767502098,0.1553086817193236,0.13054662244579734,0.01807218544035533,0.1025072595490111,0.17630151776435493,0.1016396052593024,0.2027552065312234,9.755406635584443,10.042909630916036,0.019977964846977798
micro,53.44076133252229,4.518791863666897,0.168796329162723,0.2973732801713683,0.955184767502098,0.1326616604948086,0.13054662244579734,0.01807218544035533,0.1025072595490111,0.17630151776435493,0.1016396052593024,0.2027552065312234,9.755406635584443,10.042909630916036,0.019977964846977798
micro,53.44076133252229,4.518791863666897,0.168796329162723,0.2973732801713683,0.955184767502098,0.1200646327767659,0.13054662244579734,0.01807218544035533,0.1025072595490111,0.17630151776435493,0.1016396052593024,0.2027552065312234,9.755406635584443,10.042909630916036,0.019977964846977798
micro,53.44076133252229,4.518791863666897,0.168796329162723,0.2973732801713683,0.955184767502098,0.1452361832107279,0.13054662244579734,0.01807218544035533,0.1025072595490111,0.17630151776435493,0.1016396052593024,0.2027552065312234,9.755406635584443,10.042909630916036,0.019977964846977798
micro,53.44076133252229,4.518791863666897,0.168796329162723,0.2973732801713683,0.955184767502098,0.1080961569416085,0.13054662244579734,0.01807218544035533,0.1025072595490111,0.17630151776435493,0.1016396052593024,0.2027552065312234,9.755406635584443,10.042909630916036,0.019977964846977798
micro,53.44076133252229,4.518791863666897,0.168796329162723,0.2973732801713683,0.955184767502098,0.1382300974346001,0.13054662244579734,0.01807218544035533,0.1025072595490111,0.17630151776435493,0.1016396052593024,0.2027552065312234,9.755406635584443,10.042909630916036,0.019977964846977798
micro,20.373815013921664,4.838840512917546,0.214326395931585,0.4746743727910948,0.5153368445224549,0.0951984622702447,0.11014387729205691,0.018333514860936997,0.0945079969027554,0.19398903226995046,0.1016396052593024,0.2027552065312234,10.581115173025582,10.042909630916036,0.019977964846977798
micro,20.373815013921664,4.838840512917546,0.214326395931585,0.4746743727910948,0.5153368445224549,0.1146698152809616,0.11014387729205691,0.018333514860936997,0.0945079969027554,0.19398903226995046,0.1016396052593024,0.2027552065312234,10.581115173025582,10.042909630916036,0.019977964846977798
micro,20.373815013921664,4.838840512917546,0.214326395931585,0.4746743727910948,0.5153368445224549,0.1320270465355227,0.11014387729205691,0.018333514860936997,0.0945079969027554,0.19398903226995046,0.1016396052593024,0.2027552065312234,10.581115173025582,10.042909630916036,0.019977964846977798
micro,20.373815013921664,4.838840512917546,0.214326395931585,0.4746743727910948,0.5153368445224549,0.1272499059438139,0.11014387729205691,0.018333514860936997,0.0945079969027554,0.19398903226995046,0.1016396052593024,0.2027552065312234,10.581115173025582,10.042909630916036,0.019977964846977798
micro,20.373815013921664,4.838840512917546,0.214326395931585,0.4746743727910948,0.5153368445224549,0.0986037978261532,0.11014387729205691,0.018333514860936997,0.0945079969027554,0.19398903226995046,0.1016396052593024,0.2027552065312234,10.581115173025582,10.042909630916036,0.019977964846977798
micro,20.373815013921664,4.838840512917546,0.214326395931585,0.4746743727910948,0.5153368445224549,0.1052791494602747,0.11014387729205691,0.018333514860936997,0.0945079969027554,0.19398903226995046,0.1016396052593024,0.2027552065312234,10.581115173025582,10.042909630916036,0.019977964846977798
micro,20.373815013921664,4.838840512917546,0.214326395931585,0.4746743727910948,0.5153368445224549,0.110243476776946,0.11014387729205691,0.018333514860936997,0.0945079969027554,0.19398903226995046,0.1016396052593024,0.2027552065312234,10.581115173025582,10.042909630916036,0.019977964846977798
micro,20.373815013921664,4.838840512917546,0.214326395931585,0.4746743727910948,0.5153368445224549,0.0990035019533041,0.11014387729205691,0.018333514860936997,0.0945079969027554,0.19398903226995046,0.1016396052593024,0.2027552065312234,10.581115173025582,10.042909630916036,0.019977964846977798
micro,20.373815013921664,4.838840512917546,0.214326395931585,0.4746743727910948,0.5153368445224549,0.0942869493227276,0.11014387729205691,0.018333514860936997,0.0945079969027554,0.19398903226995046,0.1016396052593024,0.2027552065312234,10.581115173025582,10.042909630916036,0.019977964846977798
micro,20.373815013921664,4.838840512917546,0.214326395931585,0.4746743727910948,0.5153368445224549,0.109420766296555,0.11014387729205691,0.018333514860936997,0.0945079969027554,0.19398903226995046,0.1016396052593024,0.2027552065312234,10.581115173025582,10.042909630916036,0.019977964846977798
micro,20.373815013921664,4.838840512917546,0.214326395931585,0.4746743727910948,0.5153368445224549,0.141525976838273,0.11014387729205691,0.018333514860936997,0.0945079969027554,0.19398903226995046,0.1016396052593024,0.2027552065312234,10.581115173025582,10.042909630916036,0.019977964846977798
micro,20.373815013921664,4.838840512917546,0.214326395931585,0.4746743727910948,0.5153368445224549,0.0722596186599008,0.11014387729205691,0.018333514860936997,0.0945079969027554,0.19398903226995046,0.1016396052593024,0.2027552065312234,10.581115173025582,10.042909630916036,0.019977964846977798
micro,20.373815013921664,4.838840512917546,0.214326395931585,0.4746743727910948,0.5153368445224549,0.1063623493987717,0.11014387729205691,0.018333514860936997,0.0945079969027554,0.19398903226995046,0.1016396052593024,0.2027552065312234,10.581115173025582,10.042909630916036,0.019977964846977798
micro,20.373815013921664,4.838840512917546,0.214326395931585,0.4746743727910948,0.5153368445224549,0.1099208561325178,0.11014387729205691,0.018333514860936997,0.0945079969027554,0.19398903226995046,0.1016396052593024,0.2027552065312234,10.581115173025582,10.042909630916036,0.019977964846977798
micro,20.373815013921664,4.838840512917546,0.214326395931585,0.4746743727910948,0.5153368445224549,0.0803661202886769,0.11014387729205691,0.018333514860936997,0.0945079969027554,0.19398903226995046,0.1016396052593024,0.2027552065312234,10.581115173025582,10.042909630916036,0.019977964846977798
micro,20.373815013921664,4.838840512917546,0.214326395931585,0.4746743727910948,0.5153368445224549,0.1177475122524433,0.11014387729205691,0.018333514860936997,0.0945079969027554,0.19398903226995046,0.1016396052593024,0.2027552065312234,10.581115173025582,10.042909630916036,0.019977964846977798
micro,20.373815013921664,4.838840512917546,0.214326395931585,0.4746743727910948,0.5153368445224549,0.1026874629804479,0.11014387729205691,0.018333514860936997,0.0945079969027554,0.19398903226995046,0.1016396052593024,0.2027552065312234,10.581115173025582,10.042909630916036,0.019977964846977798
micro,20.373815013921664,4.838840512917546,0.214326395931585,0.4746743727910948,0.5153368445224549,0.1233605318371902,0.11014387729205691,0.018333514860936997,0.0945079969027554,0.19398903226995046,0.1016396052593024,0.2027552065312234,10.581115173025582,10.042909630916036,0.019977964846977798
micro,20.373815013921664,4.838840512917546,0.214326395931585,0.4746743727910948,0.5153368445224549,0.1184697319141468,0.11014387729205691,0.018333514860936997,0.0945079969027554,0.19398903226995046,0.1016396052593024,0.2027552065312234,10.581115173025582,10.042909630916036,0.019977964846977798
micro,20.373815013921664,4.838840512917546,0.214326395931585,0.4746743727910948,0.5153368445224549,0.1441945138722657,0.11014387729205691,0.018333514860936997,0.0945079969027554,0.19398903226995046,0.1016396052593024,0.2027552065312234,10.581115173025582,10.042909630916036,0.019977964846977798
micro,31.715147780677043,5.7518305979774205,0.5041028600767555,1.211571347746148,1.121966556838828,0.1206416663884435,0.1373580613645289,0.02222661022033844,0.093748578437386,0.23708743738640714,0.1016396052593024,0.2027552065312234,10.666828411354444,10.042909630916036,0.019977964846977798
micro,31.715147780677043,5.7518305979774205,0.5041028600767555,1.211571347746148,1.121966556838828,0.1029583107696301,0.1373580613645289,0.02222661022033844,0.093748578437386,0.23708743738640714,0.1016396052593024,0.2027552065312234,10.666828411354444,10.042909630916036,0.019977964846977798
micro,31.715147780677043,5.7518305979774205,0.5041028600767555,1.211571347746148,1.121966556838828,0.1203268560838484,0.1373580613645289,0.02222661022033844,0.093748578437386,0.23708743738640714,0.1016396052593024,0.2027552065312234,10.666828411354444,10.042909630916036,0.019977964846977798
micro,31.715147780677043,5.7518305979774205,0.5041028600767555,1.211571347746148,1.121966556838828,0.136691286194858,0.1373580613645289,0.02222661022033844,0.093748578437386,0.23708743738640714,0.1016396052593024,0.2027552065312234,10.666828411354444,10.042909630916036,0.019977964846977798
micro,31.715147780677043,5.7518305979774205,0.5041028600767555,1.211571347746148,1.121966556838828,0.1319773367020265,0.1373580613645289,0.02222661022033844,0.093748578437386,0.23708743738640714,0.1016396052593024,0.2027552065312234,10.666828411354444,10.042909630916036,0.019977964846977798
micro,31.715147780677043,5.7518305979774205,0.5041028600767555,1.211571347746148,1.121966556838828,0.162014650407279,0.1373580613645289,0.02222661022033844,0.093748578437386,0.23708743738640714,0.1016396052593024,0.2027552065312234,10.666828411354444,10.042909630916036,0.019977964846977798
micro,31.715147780677043,5.7518305979774205,0.5041028600767555,1.211571347746148,1.121966556838828,0.1069922477770916,0.1373580613645289,0.02222661022033844,0.093748578437386,0.23708743738640714,0.1016396052593024,0.2027552065312234,10.666828411354444,10.042909630916036,0.019977964846977798
micro,31.715147780677043,5.7518305979774205,0.5041028600767555,1.211571347746148,1.121966556838828,0.1448537673688082,0.1373580613645289,0.02222661022033844,0.093748578437386,0.23708743738640714,0.1016396052593024,0.2027552065312234,10.666828411354444,10.042909630916036,0.019977964846977798
micro,31.715147780677043,5.7518305979774205,0.5041028600767555,1.211571347746148,1.121966556838828,0.1114816412797393,0.1373580613645289,0.02222661022033844,0.093748578437386,0.23708743738640714,0.1016396052593024,0.2027552065312234,10.666828411354444,10.042909630916036,0.019977964846977798
micro,31.715147780677043,5.7518305979774205,0.5041028600767555,1.211571347746148,1.121966556838828,0.1463555334742658,0.1373580613645289,0.02222661022033844,0.093748578437386,0.23708743738640714,0.1016396052593024,0.2027552065312234,10.666828411354444,10.042909630916036,0.019977964846977798
micro,31.715147780677043,5.7518305979774205,0.5041028600767555,1.211571347746148,1.121966556838828,0.1288639727558222,0.1373580613645289,0.02222661022033844,0.093748578437386,0.23708743738640714,0.1016396052593024,0.2027552065312234,10.666828411354444,10.042909630916036,0.019977964846977798
micro,31.715147780677043,5.7518305979774205,0.5041028600767555,1.211571347746148,1.121966556838828,0.1357380683714733,0.1373580613645289,0.02222661022033844,0.093748578437386,0.23708743738640714,0.1016396052593024,0.2027552065312234,10.666828411354444,10.042909630916036,0.019977964846977798
micro,31.715147780677043,5.7518305979774205,0.5041028600767555,1.211571347746148,1.121966556838828,0.1496260036241824,0.1373580613645289,0.02222661022033844,0.093748578437386,0.23708743738640714,0.1016396052593024,0.2027552065312234,10.666828411354444,10.042909630916036,0.019977964846977798
micro,31.715147780677043,5.7518305979774205,0.5041028600767555,1.211571347746148,1.121966556838828,0.1926882424135133,0.1373580613645289,0.02222661022033844,0.093748578437386,0.23708743738640714,0.1016396052593024,0.2027552065312234,10.666828411354444,10.042909630916036,0.019977964846977798
micro,31.715147780677043,5.7518305979774205,0.5041028600767555,1.211571347746148,1.121966556838828,0.1133206533820427,0.1373580613645289,0.02222661022033844,0.093748578437386,0.23708743738640714,0.1016396052593024,0.2027552065312234,10.666828411354444,10.042909630916036,0.019977964846977798
micro,31.715147780677043,5.7518305979774205,0.5041028600767555,1.211571347746148,1.121966556838828,0.1458124260808565,0.1373580613645289,0.02222661022033844,0.093748578437386,0.23708743738640714,0.1016396052593024,0.2027552065312234,10.666828411354444,10.042909630916036,0.019977964846977798
micro,31.715147780677043,5.7518305979774205,0.5041028600767555,1.211571347746148,1.121966556838828,0.1586616759294523,0.1373580613645289,0.02222661022033844,0.093748578437386,0.23708743738640714,0.1016396052593024,0.2027552065312234,10.666828411354444,10.042909630916036,0.019977964846977798
micro,31.715147780677043,5.7518305979774205,0.5041028600767555,1.211571347746148,1.121966556838828,0.1468770044293121,0.1373580613645289,0.02222661022033844,0.093748578437386,0.23708743738640714,0.1016396052593024,0.2027552065312234,10.666828411354444,10.042909630916036,0.019977964846977798
micro,31.715147780677043,5.7518305979774205,0.5041028600767555,1.211571347746148,1.121966556838828,0.1636650807380731,0.1373580613645289,0.02222661022033844,0.093748578437386,0.23708743738640714,0.1016396052593024,0.2027552065312234,10.666828411354444,10.042909630916036,0.019977964846977798
micro,31.715147780677043,5.7518305979774205,0.5041028600767555,1.211571347746148,1.121966556838828,0.1276148031198603,0.1373580613645289,0.02222661022033844,0.093748578437386,0.23708743738640714,0.1016396052593024,0.2027552065312234,10.666828411354444,10.042909630916036,0.019977964846977798
micro,39.61940882849354,6.980553480312143,1.2918475517997128,1.441160592659531,1.5331160825684846,0.175495137024595,0.18238357299103522,0.019781745643066267,0.1085683887538062,0.1822053902625754,0.1016396052593024,0.2027552065312234,9.210784202274915,10.042909630916036,0.019977964846977798
micro,39.61940882849354,6.980553480312143,1.2918475517997128,1.441160592659531,1.5331160825684846,0.1671958606166512,0.18238357299103522,0.019781745643066267,0.1085683887538062,0.1822053902625754,0.1016396052593024,0.2027552065312234,9.210784202274915,10.042909630916036,0.019977964846977798
micro,39.61940882849354,6.980553480312143,1.2918475517997128,1.441160592659531,1.5331160825684846,0.1703783638948411,0.18238357299103522,0.019781745643066267,0.1085683887538062,0.1822053902625754,0.1016396052593024,0.2027552065312234,9.210784202274915,10.042909630916036,0.019977964846977798
micro,39.61940882849354,6.980553480312143,1.2918475517997128,1.441160592659531,1.5331160825684846,0.1518597839830137,0.18238357299103522,0.019781745643066267,0.1085683887538062,0.1822053902625754,0.1016396052593024,0.2027552065312234,9.210784202274915,10.042909630916036,0.019977964846977798
micro,39.61940882849354,6.980553480312143,1.2918475517997128,1.441160592659531,1.5331160825684846,0.1843417721195752,0.18238357299103522,0.019781745643066267,0.1085683887538062,0.1822053902625754,0.1016396052593024,0.2027552065312234,9.210784202274915,10.042909630916036,0.019977964846977798
micro,39.61940882849354,6.980553480312143,1.2918475517997128,1.441160592659531,1.5331160825684846,0.1534344194276138,0.18238357299103522,0.019781745643066267,0.1085683887538062,0.1822053902625754,0.1016396052593024,0.2027552065312234,9.210784202274915,10.042909630916036,0.019977964846977798
micro,39.61940882849354,6.980553480312143,1.2918475517997128,1.441160592659531,1.5331160825684846,0.1689538838621759,0.18238357299103522,0.019781745643066267,0.1085683887538062,0.1822053902625754,0.1016396052593024,0.2027552065312234,9.210784202274915,10.042909630916036,0.019977964846977798
micro,39.61940882849354,6.980553480312143,1.2918475517997128,1.441160592659531,1.5331160825684846,0.1821909416036658,0.18238357299103522,0.019781745643066267,0.1085683887538062,0.1822053902625754,0.1016396052593024,0.2027552065312234,9.210784202274915,10.042909630916036,0.019977964846977798
micro,39.61940882849354,6.980553480312143,1.2918475517997128,1.441160592659531,1.5331160825684846,0.1686946606088833,0.18238357299103522,0.019781745643066267,0.1085683887538062,0.1822053902625754,0.1016396052593024,0.2027552065312234,9.210784202274915,10.042909630916036,0.019977964846977798
micro,39.61940882849354,6.980553480312143,1.2918475517997128,1.441160592659531,1.5331160825684846,0.1886963979484155,0.18238357299103522,0.019781745643066267,0.1085683887538062,0.1822053902625754,0.1016396052593024,0.2027552065312234,9.210784202274915,10.042909630916036,0.019977964846977798
micro,39.61940882849354,6.980553480312143,1.2918475517997128,1.441160592659531,1.5331160825684846,0.222845067644561,0.18238357299103522,0.019781745643066267,0.1085683887538062,0.1822053902625754,0.1016396052593024,0.2027552065312234,9.210784202274915,10.042909630916036,0.019977964846977798
micro,39.61940882849354,6.980553480312143,1.2918475517997128,1.441160592659531,1.5331160825684846,0.202449302213802,0.18238357299103522,0.019781745643066267,0.1085683887538062,0.1822053902625754,0.1016396052593024,0.2027552065312234,9.210784202274915,10.042909630916036,0.019977964846977798
micro,39.61940882849354,6.980553480312143,1.2918475517997128,1.441160592659531,1.5331160825684846,0.2008010575878472,0.18238357299103522,0.019781745643066267,0.1085683887538062,0.1822053902625754,0.1016396052593024,0.2027552065312234,9.210784202274915,10.042909630916036,0.019977964846977798
micro,39.61940882849354,6.980553480312143,1.2918475517997128,1.441160592659531,1.5331160825684846,0.1677379276876653,0.18238357299103522,0.019781745643066267,0.1085683887538062,0.1822053902625754,0.1016396052593024,0.2027552065312234,9.210784202274915,10.042909630916036,0.019977964846977798
micro,39.61940882849354,6.980553480312143,1.2918475517997128,1.441160592659531,1.5331160825684846,0.1728063210145694,0.18238357299103522,0.019781745643066267,0.1085683887538062,0.1822053902625754,0.1016396052593024,0.2027552065312234,9.210784202274915,10.042909630916036,0.019977964846977798
micro,39.61940882849354,6.980553480312143,1.2918475517997128,1.441160592659531,1.5331160825684846,0.2211087259019225,0.18238357299103522,0.019781745643066267,0.1085683887538062,0.1822053902625754,0.1016396052593024,0.2027552065312234,9.210784202274915,10.042909630916036,0.019977964846977798
micro,39.61940882849354,6.980553480312143,1.2918475517997128,1.441160592659531,1.5331160825684846,0.1860263484764464,0.18238357299103522,0.019781745643066267,0.1085683887538062,0.1822053902625754,0.1016396052593024,0.2027552065312234,9.210784202274915,10.042909630916036,0.019977964846977798
micro,39.61940882849354,6.980553480312143,1.2918475517997128,1.441160592659531,1.5331160825684846,0.1837402762063097,0.18238357299103522,0.019781745643066267,0.1085683887538062,0.1822053902625754,0.1016396052593024,0.2027552065312234,9.210784202274915,10.042909630916036,0.019977964846977798
micro,39.61940882849354,6.980553480312143,1.2918475517997128,1.441160592659531,1.5331160825684846,0.1731550324184634,0.18238357299103522,0.019781745643066267,0.1085683887538062,0.1822053902625754,0.1016396052593024,0.2027552065312234,9.210784202274915,10.042909630916036,0.019977964846977798
micro,39.61940882849354,6.980553480312143,1.2918475517997128,1.441160592659531,1.5331160825684846,0.2057601795796873,0.18238357299103522,0.019781745643066267,0.1085683887538062,0.1822053902625754,0.1016396052593024,0.2027552065312234,9.210784202274915,10.042909630916036,0.019977964846977798
micro,41.424620338284754,4.091128898783261,0.6666654042633036,0.0872152980752407,1.932969524113904,0.1903742146729965,0.1838524429533947,0.022473978439637127,0.0987429392969565,0.22760086543554836,0.1016396052593024,0.2027552065312234,10.127306388891565,10.042909630916036,0.019977964846977798
micro,41.424620338284754,4.091128898783261,0.6666654042633036,0.0872152980752407,1.932969524113904,0.1779635022114137,0.1838524429533947,0.022473978439637127,0.0987429392969565,0.22760086543554836,0.1016396052593024,0.2027552065312234,10.127306388891565,10.042909630916036,0.019977964846977798
micro,41.424620338284754,4.091128898783261,0.6666654042633036,0.0872152980752407,1.932969524113904,0.1879385775781215,0.1838524429533947,0.022473978439637127,0.0987429392969565,0.22760086543554836,0.1016396052593024,0.2027552065312234,10.127306388891565,10.042909630916036,0.019977964846977798
micro,41.424620338284754,4.091128898783261,0.6666654042633036,0.0872152980752407,1.932969524113904,0.1900772448404978,0.1838524429533947,0.022473978439637127,0.0987429392969565,0.22760086543554836,0.1016396052593024,0.2027552065312234,10.127306388891565,10.042909630916036,0.019977964846977798
micro,41.424620338284754,4.091128898783261,0.6666654042633036,0.0872152980752407,1.932969524113904,0.1548996614905603,0.1838524429533947,0.022473978439637127,0.0987429392969565,0.22760086543554836,0.1016396052593024,0.2027552065312234,10.127306388891565,10.042909630916036,0.019977964846977798
micro,41.424620338284754,4.091128898783261,0.6666654042633036,0.0872152980752407,1.932969524113904,0.1843019491189823,0.1838524429533947,0.022473978439637127,0.0987429392969565,0.22760086543554836,0.1016396052593024,0.2027552065312234,10.127306388891565,10.042909630916036,0.019977964846977798
micro,41.424620338284754,4.091128898783261,0.6666654042633036,0.0872152980752407,1.932969524113904,0.1796820159158641,0.1838524429533947,0.022473978439637127,0.0987429392969565,0.22760086543554836,0.1016396052593024,0.2027552065312234,10.127306388891565,10.042909630916036,0.019977964846977798
micro,41.424620338284754,4.091128898783261,0.6666654042633036,0.0872152980752407,1.932969524113904,0.1866556496541598,0.1838524429533947,0.022473978439637127,0.0987429392969565,0.22760086543554836,0.1016396052593024,0.2027552065312234,10.127306388891565,10.042909630916036,0.019977964846977798
micro,41.424620338284754,4.091128898783261,0.6666654042633036,0.0872152980752407,1.932969524113904,0.2056870130327454,0.1838524429533947,0.022473978439637127,0.0987429392969565,0.22760086543554836,0.1016396052593024,0.2027552065312234,10.127306388891565,10.042909630916036,0.019977964846977798
micro,41.424620338284754,4.091128898783261,0.6666654042633036,0.0872152980752407,1.932969524113904,0.1364846092633411,0.1838524429533947,0.022473978439637127,0.0987429392969565,0.22760086543554836,0.1016396052593024,0.2027552065312234,10.127306388891565,10.042909630916036,0.019977964846977798
micro,41.424620338284754,4.091128898783261,0.6666654042633036,0.0872152980752407,1.932969524113904,0.194287899386408,0.1838524429533947,0.022473978439637127,0.0987429392969565,0.22760086543554836,0.1016396052593024,0.2027552065312234,10.127306388891565,10.042909630916036,0.019977964846977798
micro,41.424620338284754,4.091128898783261,0.6666654042633036,0.0872152980752407,1.932969524113904,0.1630516780856491,0.1838524429533947,0.022473978439637127,0.0987429392969565,0.22760086543554836,0.1016396052593024,0.2027552065312234,10.127306388891565,10.042909630916036,0.019977964846977798
micro,41.424620338284754,4.091128898783261,0.6666654042633036,0.0872152980752407,1.932969524113904,0.1936426371998652,0.1838524429533947,0.022473978439637127,0.0987429392969565,0.22760086543554836,0.1016396052593024,0.2027552065312234,10.127306388891565,10.042909630916036,0.019977964846977798
micro,41.424620338284754,4.091128898783261,0.6666654042633036,0.0872152980752407,1.932969524113904,0.2109869259761683,0.1838524429533947,0.022473978439637127,0.0987429392969565,0.22760086543554836,0.1016396052593024,0.2027552065312234,10.127306388891565,10.042909630916036,0.019977964846977798
micro,41.424620338284754,4.091128898783261,0.6666654042633036,0.0872152980752407,1.932969524113904,0.2003497085633034,0.1838524429533947,0.022473978439637127,0.0987429392969565,0.22760086543554836,0.1016396052593024,0.2027552065312234,10.127306388891565,10.042909630916036,0.019977964846977798
micro,41.424620338284754,4.091128898783261,0.6666654042633036,0.0872152980752407,1.932969524113904,0.1924225617793721,0.1838524429533947,0.022473978439637127,0.0987429392969565,0.22760086543554836,0.1016396052593024,0.2027552065312234,10.127306388891565,10.042909630916036,0.019977964846977798
micro,41.424620338284754,4.091128898783261,0.6666654042633036,0.0872152980752407,1.932969524113904,0.1639324138680502,0.1838524429533947,0.022473978439637127,0.0987429392969565,0.22760086543554836,0.1016396052593024,0.2027552065312234,10.127306388891565,10.042909630916036,0.019977964846977798
micro,41.424620338284754,4.091128898783261,0.6666654042633036,0.0872152980752407,1.932969524113904,0.1396729011588009,0.1838524429533947,0.022473978439637127,0.0987429392969565,0.22760086543554836,0.1016396052593024,0.2027552065312234,10.127306388891565,10.042909630916036,0.019977964846977798
micro,41.424620338284754,4.091128898783261,0.6666654042633036,0.0872152980752407,1.932969524113904,0.222092876325512,0.1838524429533947,0.022473978439637127,0.0987429392969565,0.22760086543554836,0.1016396052593024,0.2027552065312234,10.127306388891565,10.042909630916036,0.019977964846977798
micro,41.424620338284754,4.091128898783261,0.6666654042633036,0.0872152980752407,1.932969524113904,0.2025448189460824,0.1838524429533947,0.022473978439637127,0.0987429392969565,0.22760086543554836,0.1016396052593024,0.2027552065312234,10.127306388891565,10.042909630916036,0.019977964846977798
micro,55.709800882097134,6.8334792938170565,1.3111776433522968,1.1327709530788568,0.7029529355217974,0.1266427435833711,0.1388624074090919,0.021785732146520024,0.1032814873439027,0.2109354997375156,0.1016396052593024,0.2027552065312234,9.682277295932407,10.042909630916036,0.019977964846977798
micro,55.709800882097134,6.8334792938170565,1.3111776433522968,1.1327709530788568,0.7029529355217974,0.146228933466771,0.1388624074090919,0.021785732146520024,0.1032814873439027,0.2109354997375156,0.1016396052593024,0.2027552065312234,9.682277295932407,10.042909630916036,0.019977964846977798
micro,55.709800882097134,6.8334792938170565,1.3111776433522968,1.1327709530788568,0.7029529355217974,0.1776691078082047,0.1388624074090919,0.021785732146520024,0.1032814873439027,0.2109354997375156,0.1016396052593024,0.2027552065312234,9.682277295932407,10.042909630916036,0.019977964846977798
micro,55.709800882097134,6.8334792938170565,1.3111776433522968,1.1327709530788568,0.7029529355217974,0.1513052360520974,0.1388624074090919,0.021785732146520024,0.1032814873439027,0.2109354997375156,0.1016396052593024,0.2027552065312234,9.682277295932407,10.042909630916036,0.019977964846977798
micro,55.709800882097134,6.8334792938170565,1.3111776433522968,1.1327709530788568,0.7029529355217974,0.1196982517341055,0.1388624074090919,0.021785732146520024,0.1032814873439027,0.2109354997375156,0.1016396052593024,0.2027552065312234,9.682277295932407,10.042909630916036,0.019977964846977798
micro,55.709800882097134,6.8334792938170565,1.3111776433522968,1.1327709530788568,0.7029529355217974,0.161776962258769,0.1388624074090919,0.021785732146520024,0.1032814873439027,0.2109354997375156,0.1016396052593024,0.2027552065312234,9.682277295932407,10.042909630916036,0.019977964846977798
micro,55.709800882097134,6.8334792938170565,1.3111776433522968,1.1327709530788568,0.7029529355217974,0.1382475217643155,0.1388624074090919,0.021785732146520024,0.1032814873439027,0.2109354997375156,0.1016396052593024,0.2027552065312234,9.682277295932407,10.042909630916036,0.019977964846977798
micro,55.709800882097134,6.8334792938170565,1.3111776433522968,1.1327709530788568,0.7029529355217974,0.16133234429019,0.1388624074090919,0.021785732146520024,0.1032814873439027,0.2109354997375156,0.1016396052593024,0.2027552065312234,9.682277295932407,10.042909630916036,0.019977964846977798
micro,55.709800882097134,6.8334792938170565,1.3111776433522968,1.1327709530788568,0.7029529355217974,0.1243389262891679,0.1388624074090919,0.021785732146520024,0.1032814873439027,0.2109354997375156,0.1016396052593024,0.2027552065312234,9.682277295932407,10.042909630916036,0.019977964846977798
micro,55.709800882097134,6.8334792938170565,1.3111776433522968,1.1327709530788568,0.7029529355217974,0.1479749281995721,0.1388624074090919,0.021785732146520024,0.1032814873439027,0.2109354997375156,0.1016396052593024,0.2027552065312234,9.682277295932407,10.042909630916036,0.019977964846977798
micro,55.709800882097134,6.8334792938170565,1.3111776433522968,1.1327709530788568,0.7029529355217974,0.1118977935381642,0.1388624074090919,0.021785732146520024,0.1032814873439027,0.2109354997375156,0.1016396052593024,0.2027552065312234,9.682277295932407,10.042909630916036,0.019977964846977798
micro,55.709800882097134,6.8334792938170565,1.3111776433522968,1.1327709530788568,0.7029529355217974,0.1322814944782791,0.1388624074090919,0.021785732146520024,0.1032814873439027,0.2109354997375156,0.1016396052593024,0.2027552065312234,9.682277295932407,10.042909630916036,0.019977964846977798
micro,55.709800882097134,6.8334792938170565,1.3111776433522968,1.1327709530788568,0.7029529355217974,0.1166285646700867,0.1388624074090919,0.021785732146520024,0.1032814873439027,0.2109354997375156,0.1016396052593024,0.2027552065312234,9.682277295932407,10.042909630916036,0.019977964846977798
micro,55.709800882097134,6.8334792938170565,1.3111776433522968,1.1327709530788568,0.7029529355217974,0.1406714871953229,0.1388624074090919,0.021785732146520024,0.1032814873439027,0.2109354997375156,0.1016396052593024,0.2027552065312234,9.682277295932407,10.042909630916036,0.019977964846977798
micro,55.709800882097134,6.8334792938170565,1.3111776433522968,1.1327709530788568,0.7029529355217974,0.0967893871139382,0.1388624074090919,0.021785732146520024,0.1032814873439027,0.2109354997375156,0.1016396052593024,0.2027552065312234,9.682277295932407,10.042909630916036,0.019977964846977798
micro,55.709800882097134,6.8334792938170565,1.3111776433522968,1.1327709530788568,0.7029529355217974,0.1234469352716093,0.1388624074090919,0.021785732146520024,0.1032814873439027,0.2109354997375156,0.1016396052593024,0.2027552065312234,9.682277295932407,10.042909630916036,0.019977964846977798
micro,55.709800882097134,6.8334792938170565,1.3111776433522968,1.1327709530788568,0.7029529355217974,0.1380058180002033,0.1388624074090919,0.021785732146520024,0.1032814873439027,0.2109354997375156,0.1016396052593024,0.2027552065312234,9.682277295932407,10.042909630916036,0.019977964846977798
micro,55.709800882097134,6.8334792938170565,1.3111776433522968,1.1327709530788568,0.7029529355217974,0.1813364543521306,0.1388624074090919,0.021785732146520024,0.1032814873439027,0.2109354997375156,0.1016396052593024,0.2027552065312234,9.682277295932407,10.042909630916036,0.019977964846977798
micro,55.709800882097134,6.8334792938170565,1.3111776433522968,1.1327709530788568,0.7029529355217974,0.1267775074843149,0.1388624074090919,0.021785732146520024,0.1032814873439027,0.2109354997375156,0.1016396052593024,0.2027552065312234,9.682277295932407,10.042909630916036,0.019977964846977798
micro,55.709800882097134,6.8334792938170565,1.3111776433522968,1.1327709530788568,0.7029529355217974,0.1541977506312252,0.1388624074090919,0.021785732146520024,0.1032814873439027,0.2109354997375156,0.1016396052593024,0.2027552065312234,9.682277295932407,10.042909630916036,0.019977964846977798
micro,43.958888759557816,6.0971709071278415,1.4400163634263363,1.3742097580272303,1.831677991344932,0.1747756410135472,0.19514267918184375,0.01763630913857257,0.1058631618166559,0.16659533718742353,0.1016396052593024,0.2027552065312234,9.446156555685508,10.042909630916036,0.019977964846977798
micro,43.958888759557816,6.0971709071278415,1.4400163634263363,1.3742097580272303,1.831677991344932,0.1850457019894739,0.19514267918184375,0.01763630913857257,0.1058631618166559,0.16659533718742353,0.1016396052593024,0.2027552065312234,9.446156555685508,10.042909630916036,0.019977964846977798
micro,43.958888759557816,6.0971709071278415,1.4400163634263363,1.3742097580272303,1.831677991344932,0.1776106126364091,0.19514267918184375,0.01763630913857257,0.1058631618166559,0.16659533718742353,0.1016396052593024,0.2027552065312234,9.446156555685508,10.042909630916036,0.019977964846977798
micro,43.958888759557816,6.0971709071278415,1.4400163634263363,1.3742097580272303,1.831677991344932,0.167152688478993,0.19514267918184375,0.01763630913857257,0.1058631618166559,0.16659533718742353,0.1016396052593024,0.2027552065312234,9.446156555685508,10.042909630916036,0.019977964846977798
micro,43.958888759557816,6.0971709071278415,1.4400163634263363,1.3742097580272303,1.831677991344932,0.2289500483401128,0.19514267918184375,0.01763630913857257,0.1058631618166559,0.16659533718742353,0.1016396052593024,0.2027552065312234,9.446156555685508,10.042909630916036,0.019977964846977798
micro,43.958888759557816,6.0971709071278415,1.4400163634263363,1.3742097580272303,1.831677991344932,0.1841073393463023,0.19514267918184375,0.01763630913857257,0.1058631618166559,0.16659533718742353,0.1016396052593024,0.2027552065312234,9.446156555685508,10.042909630916036,0.019977964846977798
micro,43.958888759557816,6.0971709071278415,1.4400163634263363,1.3742097580272303,1.831677991344932,0.1796550792812533,0.19514267918184375,0.01763630913857257,0.1058631618166559,0.16659533718742353,0.1016396052593024,0.2027552065312234,9.446156555685508,10.042909630916036,0.019977964846977798
micro,43.958888759557816,6.0971709071278415,1.4400163634263363,1.3742097580272303,1.831677991344932,0.1962974105877106,0.19514267918184375,0.01763630913857257,0.1058631618166559,0.16659533718742353,0.1016396052593024,0.2027552065312234,9.446156555685508,10.042909630916036,0.019977964846977798
micro,43.958888759557816,6.0971709071278415,1.4400163634263363,1.3742097580272303,1.831677991344932,0.2053478723859511,0.19514267918184375,0.01763630913857257,0.1058631618166559,0.16659533718742353,0.1016396052593024,0.2027552065312234,9.446156555685508,10.042909630916036,0.019977964846977798
micro,43.958888759557816,6.0971709071278415,1.4400163634263363,1.3742097580272303,1.831677991344932,0.2118405181188231,0.19514267918184375,0.01763630913857257,0.1058631618166559,0.16659533718742353,0.1016396052593024,0.2027552065312234,9.446156555685508,10.042909630916036,0.019977964846977798
micro,43.958888759557816,6.0971709071278415,1.4400163634263363,1.3742097580272303,1.831677991344932,0.1784727075932598,0.19514267918184375,0.01763630913857257,0.1058631618166559,0.16659533718742353,0.1016396052593024,0.2027552065312234,9.446156555685508,10.042909630916036,0.019977964846977798
micro,43.958888759557816,6.0971709071278415,1.4400163634263363,1.3742097580272303,1.831677991344932,0.213595366338522,0.19514267918184375,0.01763630913857257,0.1058631618166559,0.16659533718742353,0.1016396052593024,0.2027552065312234,9.446156555685508,10.042909630916036,0.019977964846977798
micro,43.958888759557816,6.0971709071278415,1.4400163634263363,1.3742097580272303,1.831677991344932,0.1960828141408225,0.19514267918184375,0.01763630913857257,0.1058631618166559,0.16659533718742353,0.1016396052593024,0.2027552065312234,9.446156555685508,10.042909630916036,0.019977964846977798
micro,43.958888759557816,6.0971709071278415,1.4400163634263363,1.3742097580272303,1.831677991344932,0.1938439106099271,0.19514267918184375,0.01763630913857257,0.1058631618166559,0.16659533718742353,0.1016396052593024,0.2027552065312234,9.446156555685508,10.042909630916036,0.019977964846977798
micro,43.958888759557816,6.0971709071278415,1.4400163634263363,1.3742097580272303,1.831677991344932,0.1991562872150676,0.19514267918184375,0.01763630913857257,0.1058631618166559,0.16659533718742353,0.1016396052593024,0.2027552065312234,9.446156555685508,10.042909630916036,0.019977964846977798
micro,43.958888759557816,6.0971709071278415,1.4400163634263363,1.3742097580272303,1.831677991344932,0.1716207682078646,0.19514267918184375,0.01763630913857257,0.1058631618166559,0.16659533718742353,0.1016396052593024,0.2027552065312234,9.446156555685508,10.042909630916036,0.019977964846977798
micro,43.958888759557816,6.0971709071278415,1.4400163634263363,1.3742097580272303,1.831677991344932,0.2214054086999951,0.19514267918184375,0.01763630913857257,0.1058631618166559,0.16659533718742353,0.1016396052593024,0.2027552065312234,9.446156555685508,10.042909630916036,0.019977964846977798
micro,43.958888759557816,6.0971709071278415,1.4400163634263363,1.3742097580272303,1.831677991344932,0.2128013735765767,0.19514267918184375,0.01763630913857257,0.1058631618166559,0.16659533718742353,0.1016396052593024,0.2027552065312234,9.446156555685508,10.042909630916036,0.019977964846977798
micro,43.958888759557816,6.0971709071278415,1.4400163634263363,1.3742097580272303,1.831677991344932,0.2100213665602999,0.19514267918184375,0.01763630913857257,0.1058631618166559,0.16659533718742353,0.1016396052593024,0.2027552065312234,9.446156555685508,10.042909630916036,0.019977964846977798
micro,43.958888759557816,6.0971709071278415,1.4400163634263363,1.3742097580272303,1.831677991344932,0.1950706685159633,0.19514267918184375,0.01763630913857257,0.1058631618166559,0.16659533718742353,0.1016396052593024,0.2027552065312234,9.446156555685508,10.042909630916036,0.019977964846977798
micro,37.60871580336107,3.275721842607868,1.9812303006809475,0.6637013606394155,0.6785517678283386,0.1653252266913856,0.15762639078725776,0.021169156413588585,0.1164863346534421,0.1817308139754661,0.1016396052593024,0.2027552065312234,8.584697964573222,10.042909630916036,0.019977964846977798
micro,37.60871580336107,3.275721842607868,1.9812303006809475,0.6637013606394155,0.6785517678283386,0.1776384119017644,0.15762639078725776,0.021169156413588585,0.1164863346534421,0.1817308139754661,0.1016396052593024,0.2027552065312234,8.584697964573222,10.042909630916036,0.019977964846977798
micro,37.60871580336107,3.275721842607868,1.9812303006809475,0.6637013606394155,0.6785517678283386,0.1346312536036652,0.15762639078725776,0.021169156413588585,0.1164863346534421,0.1817308139754661,0.1016396052593024,0.2027552065312234,8.584697964573222,10.042909630916036,0.019977964846977798
micro,37.60871580336107,3.275721842607868,1.9812303006809475,0.6637013606394155,0.6785517678283386,0.1458881965458524,0.15762639078725776,0.021169156413588585,0.1164863346534421,0.1817308139754661,0.1016396052593024,0.2027552065312234,8.584697964573222,10.042909630916036,0.019977964846977798
micro,37.60871580336107,3.275721842607868,1.9812303006809475,0.6637013606394155,0.6785517678283386,0.1670926995777959,0.15762639078725776,0.021169156413588585,0.1164863346534421,0.1817308139754661,0.1016396052593024,0.2027552065312234,8.584697964573222,10.042909630916036,0.019977964846977798
micro,37.60871580336107,3.275721842607868,1.9812303006809475,0.6637013606394155,0.6785517678283386,0.1766269171760263,0.15762639078725776,0.021169156413588585,0.1164863346534421,0.1817308139754661,0.1016396052593024,0.2027552065312234,8.584697964573222,10.042909630916036,0.019977964846977798
micro,37.60871580336107,3.275721842607868,1.9812303006809475,0.6637013606394155,0.6785517678283386,0.1476048237708791,0.15762639078725776,0.021169156413588585,0.1164863346534421,0.1817308139754661,0.1016396052593024,0.2027552065312234,8.584697964573222,10.042909630916036,0.019977964846977798
micro,37.60871580336107,3.275721842607868,1.9812303006809475,0.6637013606394155,0.6785517678283386,0.1534130707021526,0.15762639078725776,0.021169156413588585,0.1164863346534421,0.1817308139754661,0.1016396052593024,0.2027552065312234,8.584697964573222,10.042909630916036,0.019977964846977798
micro,37.60871580336107,3.275721842607868,1.9812303006809475,0.6637013606394155,0.6785517678283386,0.1673687329572142,0.15762639078725776,0.021169156413588585,0.1164863346534421,0.1817308139754661,0.1016396052593024,0.2027552065312234,8.584697964573222,10.042909630916036,0.019977964846977798
micro,37.60871580336107,3.275721842607868,1.9812303006809475,0.6637013606394155,0.6785517678283386,0.1540733587680236,0.15762639078725776,0.021169156413588585,0.1164863346534421,0.1817308139754661,0.1016396052593024,0.2027552065312234,8.584697964573222,10.042909630916036,0.019977964846977798
micro,37.60871580336107,3.275721842607868,1.9812303006809475,0.6637013606394155,0.6785517678283386,0.139480677219202,0.15762639078725776,0.021169156413588585,0.1164863346534421,0.1817308139754661,0.1016396052593024,0.2027552065312234,8.584697964573222,10.042909630916036,0.019977964846977798
micro,37.60871580336107,3.275721842607868,1.9812303006809475,0.6637013606394155,0.6785517678283386,0.1447805399809095,0.15762639078725776,0.021169156413588585,0.1164863346534421,0.1817308139754661,0.1016396052593024,0.2027552065312234,8.584697964573222,10.042909630916036,0.019977964846977798
micro,37.60871580336107,3.275721842607868,1.9812303006809475,0.6637013606394155,0.6785517678283386,0.1522066835351251,0.15762639078725776,0.021169156413588585,0.1164863346534421,0.1817308139754661,0.1016396052593024,0.2027552065312234,8.584697964573222,10.042909630916036,0.019977964846977798
micro,37.60871580336107,3.275721842607868,1.9812303006809475,0.6637013606394155,0.6785517678283386,0.1218799836054253,0.15762639078725776,0.021169156413588585,0.1164863346534421,0.1817308139754661,0.1016396052593024,0.2027552065312234,8.584697964573222,10.042909630916036,0.019977964846977798
micro,37.60871580336107,3.275721842607868,1.9812303006809475,0.6637013606394155,0.6785517678283386,0.1633707378911849,0.15762639078725776,0.021169156413588585,0.1164863346534421,0.1817308139754661,0.1016396052593024,0.2027552065312234,8.584697964573222,10.042909630916036,0.019977964846977798
micro,37.60871580336107,3.275721842607868,1.9812303006809475,0.6637013606394155,0.6785517678283386,0.211199811167216,0.15762639078725776,0.021169156413588585,0.1164863346534421,0.1817308139754661,0.1016396052593024,0.2027552065312234,8.584697964573222,10.042909630916036,0.019977964846977798
micro,37.60871580336107,3.275721842607868,1.9812303006809475,0.6637013606394155,0.6785517678283386,0.1545270406852494,0.15762639078725776,0.021169156413588585,0.1164863346534421,0.1817308139754661,0.1016396052593024,0.2027552065312234,8.584697964573222,10.042909630916036,0.019977964846977798
micro,37.60871580336107,3.275721842607868,1.9812303006809475,0.6637013606394155,0.6785517678283386,0.1559487979604414,0.15762639078725776,0.021169156413588585,0.1164863346534421,0.1817308139754661,0.1016396052593024,0.2027552065312234,8.584697964573222,10.042909630916036,0.019977964846977798
micro,37.60871580336107,3.275721842607868,1.9812303006809475,0.6637013606394155,0.6785517678283386,0.1912471447484247,0.15762639078725776,0.021169156413588585,0.1164863346534421,0.1817308139754661,0.1016396052593024,0.2027552065312234,8.584697964573222,10.042909630916036,0.019977964846977798
micro,37.60871580336107,3.275721842607868,1.9812303006809475,0.6637013606394155,0.6785517678283386,0.1282237072572177,0.15762639078725776,0.021169156413588585,0.1164863346534421,0.1817308139754661,0.1016396052593024,0.2027552065312234,8.584697964573222,10.042909630916036,0.019977964846977798
micro,48.703967150703576,3.466868022524859,1.094398042907085,0.3402742512489348,1.4650688579209097,0.1539772994716519,0.16791479414818666,0.01523201810478819,0.1026916314084239,0.1483277448793036,0.1016396052593024,0.2027552065312234,9.73789184459259,10.042909630916036,0.019977964846977798
micro,48.703967150703576,3.466868022524859,1.094398042907085,0.3402742512489348,1.4650688579209097,0.1846699730904121,0.16791479414818666,0.01523201810478819,0.1026916314084239,0.1483277448793036,0.1016396052593024,0.2027552065312234,9.73789184459259,10.042909630916036,0.019977964846977798
micro,48.703967150703576,3.466868022524859,1.094398042907085,0.3402742512489348,1.4650688579209097,0.1532143049384132,0.16791479414818666,0.01523201810478819,0.1026916314084239,0.1483277448793036,0.1016396052593024,0.2027552065312234,9.73789184459259,10.042909630916036,0.019977964846977798
micro,48.703967150703576,3.466868022524859,1.094398042907085,0.3402742512489348,1.4650688579209097,0.1798729928538447,0.16791479414818666,0.01523201810478819,0.1026916314084239,0.1483277448793036,0.1016396052593024,0.2027552065312234,9.73789184459259,10.042909630916036,0.019977964846977798
micro,48.703967150703576,3.466868022524859,1.094398042907085,0.3402742512489348,1.4650688579209097,0.1729265708421053,0.16791479414818666,0.01523201810478819,0.1026916314084239,0.1483277448793036,0.1016396052593024,0.2027552065312234,9.73789184459259,10.042909630916036,0.019977964846977798
micro,48.703967150703576,3.466868022524859,1.094398042907085,0.3402742512489348,1.4650688579209097,0.1982104753266988,0.16791479414818666,0.01523201810478819,0.1026916314084239,0.1483277448793036,0.1016396052593024,0.2027552065312234,9.73789184459259,10.042909630916036,0.019977964846977798
micro,48.703967150703576,3.466868022524859,1.094398042907085,0.3402742512489348,1.4650688579209097,0.1634090332793077,0.16791479414818666,0.01523201810478819,0.1026916314084239,0.1483277448793036,0.1016396052593024,0.2027552065312234,9.73789184459259,10.042909630916036,0.019977964846977798
micro,48.703967150703576,3.466868022524859,1.094398042907085,0.3402742512489348,1.4650688579209097,0.1911892878842466,0.16791479414818666,0.01523201810478819,0.1026916314084239,0.1483277448793036,0.1016396052593024,0.2027552065312234,9.73789184459259,10.042909630916036,0.019977964846977798
micro,48.703967150703576,3.466868022524859,1.094398042907085,0.3402742512489348,1.4650688579209097,0.1794060762956538,0.16791479414818666,0.01523201810478819,0.1026916314084239,0.1483277448793036,0.1016396052593024,0.2027552065312234,9.73789184459259,10.042909630916036,0.019977964846977798
micro,48.703967150703576,3.466868022524859,1.094398042907085,0.3402742512489348,1.4650688579209097,0.1549571213563971,0.16791479414818666,0.01523201810478819,0.1026916314084239,0.1483277448793036,0.1016396052593024,0.2027552065312234,9.73789184459259,10.042909630916036,0.019977964846977798
micro,48.703967150703576,3.466868022524859,1.094398042907085,0.3402742512489348,1.4650688579209097,0.1658490332194894,0.16791479414818666,0.01523201810478819,0.1026916314084239,0.1483277448793036,0.1016396052593024,0.2027552065312234,9.73789184459259,10.042909630916036,0.019977964846977798
micro,48.703967150703576,3.466868022524859,1.094398042907085,0.3402742512489348,1.4650688579209097,0.1484781611036623,0.16791479414818666,0.01523201810478819,0.1026916314084239,0.1483277448793036,0.1016396052593024,0.2027552065312234,9.73789184459259,10.042909630916036,0.019977964846977798
micro,48.703967150703576,3.466868022524859,1.094398042907085,0.3402742512489348,1.4650688579209097,0.1717348525261183,0.16791479414818666,0.01523201810478819,0.1026916314084239,0.1483277448793036,0.1016396052593024,0.2027552065312234,9.73789184459259,10.042909630916036,0.019977964846977798
micro,48.703967150703576,3.466868022524859,1.094398042907085,0.3402742512489348,1.4650688579209097,0.1610013165881072,0.16791479414818666,0.01523201810478819,0.1026916314084239,0.1483277448793036,0.1016396052593024,0.2027552065312234,9.73789184459259,10.042909630916036,0.019977964846977798
micro,48.703967150703576,3.466868022524859,1.094398042907085,0.3402742512489348,1.4650688579209097,0.1671325076939915,0.16791479414818666,0.01523201810478819,0.1026916314084239,0.1483277448793036,0.1016396052593024,0.2027552065312234,9.73789184459259,10.042909630916036,0.019977964846977798
micro,48.703967150703576,3.466868022524859,1.094398042907085,0.3402742512489348,1.4650688579209097,0.1537171681231542,0.16791479414818666,0.01523201810478819,0.1026916314084239,0.1483277448793036,0.1016396052593024,0.2027552065312234,9.73789184459259,10.042909630916036,0.019977964846977798
micro,48.703967150703576,3.466868022524859,1.094398042907085,0.3402742512489348,1.4650688579209097,0.144724878501718,0.16791479414818666,0.01523201810478819,0.1026916314084239,0.1483277448793036,0.1016396052593024,0.2027552065312234,9.73789184459259,10.042909630916036,0.019977964846977798
micro,48.703967150703576,3.466868022524859,1.094398042907085,0.3402742512489348,1.4650688579209097,0.1528990614911266,0.16791479414818666,0.01523201810478819,0.1026916314084239,0.1483277448793036,0.1016396052593024,0.2027552065312234,9.73789184459259,10.042909630916036,0.019977964846977798
micro,48.703967150703576,3.466868022524859,1.094398042907085,0.3402742512489348,1.4650688579209097,0.1757457730782214,0.16791479414818666,0.01523201810478819,0.1026916314084239,0.1483277448793036,0.1016396052593024,0.2027552065312234,9.73789184459259,10.042909630916036,0.019977964846977798
micro,48.703967150703576,3.466868022524859,1.094398042907085,0.3402742512489348,1.4650688579209097,0.1851799952994134,0.16791479414818666,0.01523201810478819,0.1026916314084239,0.1483277448793036,0.1016396052593024,0.2027552065312234,9.73789184459259,10.042909630916036,0.019977964846977798
micro,57.40281894591387,3.8800940326438527,1.8688155226632008,0.5833473937646405,1.2960230928946288,0.1520949274585083,0.1605788105371066,0.02289360446162177,0.1015443327195582,0.22545428039641127,0.1016396052593024,0.2027552065312234,9.847915419974903,10.042909630916036,0.019977964846977798
micro,57.40281894591387,3.8800940326438527,1.8688155226632008,0.5833473937646405,1.2960230928946288,0.2001807839670593,0.1605788105371066,0.02289360446162177,0.1015443327195582,0.22545428039641127,0.1016396052593024,0.2027552065312234,9.847915419974903,10.042909630916036,0.019977964846977798
micro,57.40281894591387,3.8800940326438527,1.8688155226632008,0.5833473937646405,1.2960230928946288,0.1567522678213907,0.1605788105371066,0.02289360446162177,0.1015443327195582,0.22545428039641127,0.1016396052593024,0.2027552065312234,9.847915419974903,10.042909630916036,0.019977964846977798
micro,57.40281894591387,3.8800940326438527,1.8688155226632008,0.5833473937646405,1.2960230928946288,0.1203353092388169,0.1605788105371066,0.02289360446162177,0.1015443327195582,0.22545428039641127,0.1016396052593024,0.2027552065312234,9.847915419974903,10.042909630916036,0.019977964846977798
micro,57.40281894591387,3.8800940326438527,1.8688155226632008,0.5833473937646405,1.2960230928946288,0.1652589469132713,0.1605788105371066,0.02289360446162177,0.1015443327195582,0.22545428039641127,0.1016396052593024,0.2027552065312234,9.847915419974903,10.042909630916036,0.019977964846977798
micro,57.40281894591387,3.8800940326438527,1.8688155226632008,0.5833473937646405,1.2960230928946288,0.1367023815995397,0.1605788105371066,0.02289360446162177,0.1015443327195582,0.22545428039641127,0.1016396052593024,0.2027552065312234,9.847915419974903,10.042909630916036,0.019977964846977798
micro,57.40281894591387,3.8800940326438527,1.8688155226632008,0.5833473937646405,1.2960230928946288,0.1963552616566087,0.1605788105371066,0.02289360446162177,0.1015443327195582,0.22545428039641127,0.1016396052593024,0.2027552065312234,9.847915419974903,10.042909630916036,0.019977964846977798
micro,57.40281894591387,3.8800940326438527,1.8688155226632008,0.5833473937646405,1.2960230928946288,0.1625136002722414,0.1605788105371066,0.02289360446162177,0.1015443327195582,0.22545428039641127,0.1016396052593024,0.2027552065312234,9.847915419974903,10.042909630916036,0.019977964846977798
micro,57.40281894591387,3.8800940326438527,1.8688155226632008,0.5833473937646405,1.2960230928946288,0.1777983232777932,0.1605788105371066,0.02289360446162177,0.1015443327195582,0.22545428039641127,0.1016396052593024,0.2027552065312234,9.847915419974903,10.042909630916036,0.019977964846977798
micro,57.40281894591387,3.8800940326438527,1.8688155226632008,0.5833473937646405,1.2960230928946288,0.1345293149482586,0.1605788105371066,0.02289360446162177,0.1015443327195582,0.22545428039641127,0.1016396052593024,0.2027552065312234,9.847915419974903,10.042909630916036,0.019977964846977798
micro,57.40281894591387,3.8800940326438527,1.8688155226632008,0.5833473937646405,1.2960230928946288,0.1818366125502866,0.1605788105371066,0.02289360446162177,0.1015443327195582,0.22545428039641127,0.1016396052593024,0.2027552065312234,9.847915419974903,10.042909630916036,0.019977964846977798
micro,57.40281894591387,3.8800940326438527,1.8688155226632008,0.5833473937646405,1.2960230928946288,0.1457103629996898,0.1605788105371066,0.02289360446162177,0.1015443327195582,0.22545428039641127,0.1016396052593024,0.2027552065312234,9.847915419974903,10.042909630916036,0.019977964846977798
micro,57.40281894591387,3.8800940326438527,1.8688155226632008,0.5833473937646405,1.2960230928946288,0.1822964796893076,0.1605788105371066,0.02289360446162177,0.1015443327195582,0.22545428039641127,0.1016396052593024,0.2027552065312234,9.847915419974903,10.042909630916036,0.019977964846977798
micro,57.40281894591387,3.8800940326438527,1.8688155226632008,0.5833473937646405,1.2960230928946288,0.1802499983556,0.1605788105371066,0.02289360446162177,0.1015443327195582,0.22545428039641127,0.1016396052593024,0.2027552065312234,9.847915419974903,10.042909630916036,0.019977964846977798
micro,57.40281894591387,3.8800940326438527,1.8688155226632008,0.5833473937646405,1.2960230928946288,0.1503815009448621,0.1605788105371066,0.02289360446162177,0.1015443327195582,0.22545428039641127,0.1016396052593024,0.2027552065312234,9.847915419974903,10.042909630916036,0.019977964846977798
micro,57.40281894591387,3.8800940326438527,1.8688155226632008,0.5833473937646405,1.2960230928946288,0.1655648137680873,0.1605788105371066,0.02289360446162177,0.1015443327195582,0.22545428039641127,0.1016396052593024,0.2027552065312234,9.847915419974903,10.042909630916036,0.019977964846977798
micro,57.40281894591387,3.8800940326438527,1.8688155226632008,0.5833473937646405,1.2960230928946288,0.1648814503454816,0.1605788105371066,0.02289360446162177,0.1015443327195582,0.22545428039641127,0.1016396052593024,0.2027552065312234,9.847915419974903,10.042909630916036,0.019977964846977798
micro,57.40281894591387,3.8800940326438527,1.8688155226632008,0.5833473937646405,1.2960230928946288,0.1255032069472295,0.1605788105371066,0.02289360446162177,0.1015443327195582,0.22545428039641127,0.1016396052593024,0.2027552065312234,9.847915419974903,10.042909630916036,0.019977964846977798
micro,57.40281894591387,3.8800940326438527,1.8688155226632008,0.5833473937646405,1.2960230928946288,0.177379398025052,0.1605788105371066,0.02289360446162177,0.1015443327195582,0.22545428039641127,0.1016396052593024,0.2027552065312234,9.847915419974903,10.042909630916036,0.019977964846977798
micro,57.40281894591387,3.8800940326438527,1.8688155226632008,0.5833473937646405,1.2960230928946288,0.1352512699630472,0.1605788105371066,0.02289360446162177,0.1015443327195582,0.22545428039641127,0.1016396052593024,0.2027552065312234,9.847915419974903,10.042909630916036,0.019977964846977798
micro,22.30666703293128,7.337838378433006,0.8233756110966223,0.9297120057177356,0.8987876356220557,0.1467944174791688,0.13841086262541358,0.017111042763246303,0.099791052583106,0.17146870706666026,0.1016396052593024,0.2027552065312234,10.020938492127833,10.042909630916036,0.019977964846977798
micro,22.30666703293128,7.337838378433006,0.8233756110966223,0.9297120057177356,0.8987876356220557,0.1430856250002025,0.13841086262541358,0.017111042763246303,0.099791052583106,0.17146870706666026,0.1016396052593024,0.2027552065312234,10.020938492127833,10.042909630916036,0.019977964846977798
micro,22.30666703293128,7.337838378433006,0.8233756110966223,0.9297120057177356,0.8987876356220557,0.1672294651897198,0.13841086262541358,0.017111042763246303,0.099791052583106,0.17146870706666026,0.1016396052593024,0.2027552065312234,10.020938492127833,10.042909630916036,0.019977964846977798
micro,22.30666703293128,7.337838378433006,0.8233756110966223,0.9297120057177356,0.8987876356220557,0.1221161586442392,0.13841086262541358,0.017111042763246303,0.099791052583106,0.17146870706666026,0.1016396052593024,0.2027552065312234,10.020938492127833,10.042909630916036,0.019977964846977798
micro,22.30666703293128,7.337838378433006,0.8233756110966223,0.9297120057177356,0.8987876356220557,0.1609783130535647,0.13841086262541358,0.017111042763246303,0.099791052583106,0.17146870706666026,0.1016396052593024,0.2027552065312234,10.020938492127833,10.042909630916036,0.019977964846977798
micro,22.30666703293128,7.337838378433006,0.8233756110966223,0.9297120057177356,0.8987876356220557,0.1458088060105237,0.13841086262541358,0.017111042763246303,0.099791052583106,0.17146870706666026,0.1016396052593024,0.2027552065312234,10.020938492127833,10.042909630916036,0.019977964846977798
micro,22.30666703293128,7.337838378433006,0.8233756110966223,0.9297120057177356,0.8987876356220557,0.1310389503111907,0.13841086262541358,0.017111042763246303,0.099791052583106,0.17146870706666026,0.1016396052593024,0.2027552065312234,10.020938492127833,10.042909630916036,0.019977964846977798
micro,22.30666703293128,7.337838378433006,0.8233756110966223,0.9297120057177356,0.8987876356220557,0.1323840858354251,0.13841086262541358,0.017111042763246303,0.099791052583106,0.17146870706666026,0.1016396052593024,0.2027552065312234,10.020938492127833,10.042909630916036,0.019977964846977798
micro,22.30666703293128,7.337838378433006,0.8233756110966223,0.9297120057177356,0.8987876356220557,0.1510212334331267,0.13841086262541358,0.017111042763246303,0.099791052583106,0.17146870706666026,0.1016396052593024,0.2027552065312234,10.020938492127833,10.042909630916036,0.019977964846977798
micro,22.30666703293128,7.337838378433006,0.8233756110966223,0.9297120057177356,0.8987876356220557,0.1453296953962119,0.13841086262541358,0.017111042763246303,0.099791052583106,0.17146870706666026,0.1016396052593024,0.2027552065312234,10.020938492127833,10.042909630916036,0.019977964846977798
micro,22.30666703293128,7.337838378433006,0.8233756110966223,0.9297120057177356,0.8987876356220557,0.1588945493649742,0.13841086262541358,0.017111042763246303,0.099791052583106,0.17146870706666026,0.1016396052593024,0.2027552065312234,10.020938492127833,10.042909630916036,0.019977964846977798
micro,22.30666703293128,7.337838378433006,0.8233756110966223,0.9297120057177356,0.8987876356220557,0.1486671010884362,0.13841086262541358,0.017111042763246303,0.099791052583106,0.17146870706666026,0.1016396052593024,0.2027552065312234,10.020938492127833,10.042909630916036,0.019977964846977798
micro,22.30666703293128,7.337838378433006,0.8233756110966223,0.9297120057177356,0.8987876356220557,0.1411843557530196,0.13841086262541358,0.017111042763246303,0.099791052583106,0.17146870706666026,0.1016396052593024,0.2027552065312234,10.020938492127833,10.042909630916036,0.019977964846977798
micro,22.30666703293128,7.337838378433006,0.8233756110966223,0.9297120057177356,0.8987876356220557,0.1478588425620557,0.13841086262541358,0.017111042763246303,0.099791052583106,0.17146870706666026,0.1016396052593024,0.2027552065312234,10.020938492127833,10.042909630916036,0.019977964846977798
micro,22.30666703293128,7.337838378433006,0.8233756110966223,0.9297120057177356,0.8987876356220557,0.0955573702838159,0.13841086262541358,0.017111042763246303,0.099791052583106,0.17146870706666026,0.1016396052593024,0.2027552065312234,10.020938492127833,10.042909630916036,0.019977964846977798
micro,22.30666703293128,7.337838378433006,0.8233756110966223,0.9297120057177356,0.8987876356220557,0.1275459231520307,0.13841086262541358,0.017111042763246303,0.099791052583106,0.17146870706666026,0.1016396052593024,0.2027552065312234,10.020938492127833,10.042909630916036,0.019977964846977798
micro,22.30666703293128,7.337838378433006,0.8233756110966223,0.9297120057177356,0.8987876356220557,0.1181468074772874,0.13841086262541358,0.017111042763246303,0.099791052583106,0.17146870706666026,0.1016396052593024,0.2027552065312234,10.020938492127833,10.042909630916036,0.019977964846977798
micro,22.30666703293128,7.337838378433006,0.8233756110966223,0.9297120057177356,0.8987876356220557,0.1267366564685201,0.13841086262541358,0.017111042763246303,0.099791052583106,0.17146870706666026,0.1016396052593024,0.2027552065312234,10.020938492127833,10.042909630916036,0.019977964846977798
micro,22.30666703293128,7.337838378433006,0.8233756110966223,0.9297120057177356,0.8987876356220557,0.1391647636631151,0.13841086262541358,0.017111042763246303,0.099791052583106,0.17146870706666026,0.1016396052593024,0.2027552065312234,10.020938492127833,10.042909630916036,0.019977964846977798
micro,22.30666703293128,7.337838378433006,0.8233756110966223,0.9297120057177356,0.8987876356220557,0.1186741323416432,0.13841086262541358,0.017111042763246303,0.099791052583106,0.17146870706666026,0.1016396052593024,0.2027552065312234,10.020938492127833,10.042909630916036,0.019977964846977798
micro,33.61558816494481,4.958274512255484,0.0140481445764947,1.8796513395270469,0.2690255203463936,0.1238314753341744,0.0965481723471113,0.018346454544948137,0.1125793894831218,0.1629645944002803,0.1016396052593024,0.2027552065312234,8.882620563064272,10.042909630916036,0.019977964846977798
micro,33.61558816494481,4.958274512255484,0.0140481445764947,1.8796513395270469,0.2690255203463936,0.0899097188150602,0.0965481723471113,0.018346454544948137,0.1125793894831218,0.1629645944002803,0.1016396052593024,0.2027552065312234,8.882620563064272,10.042909630916036,0.019977964846977798
micro,33.61558816494481,4.958274512255484,0.0140481445764947,1.8796513395270469,0.2690255203463936,0.0953392924814984,0.0965481723471113,0.018346454544948137,0.1125793894831218,0.1629645944002803,0.1016396052593024,0.2027552065312234,8.882620563064272,10.042909630916036,0.019977964846977798
micro,33.61558816494481,4.958274512255484,0.0140481445764947,1.8796513395270469,0.2690255203463936,0.1076286351596692,0.0965481723471113,0.018346454544948137,0.1125793894831218,0.1629645944002803,0.1016396052593024,0.2027552065312234,8.882620563064272,10.042909630916036,0.019977964846977798
micro,33.61558816494481,4.958274512255484,0.0140481445764947,1.8796513395270469,0.2690255203463936,0.1129583285289993,0.0965481723471113,0.018346454544948137,0.1125793894831218,0.1629645944002803,0.1016396052593024,0.2027552065312234,8.882620563064272,10.042909630916036,0.019977964846977798
micro,33.61558816494481,4.958274512255484,0.0140481445764947,1.8796513395270469,0.2690255203463936,0.075585557290683,0.0965481723471113,0.018346454544948137,0.1125793894831218,0.1629645944002803,0.1016396052593024,0.2027552065312234,8.882620563064272,10.042909630916036,0.019977964846977798
micro,33.61558816494481,4.958274512255484,0.0140481445764947,1.8796513395270469,0.2690255203463936,0.0928715805930291,0.0965481723471113,0.018346454544948137,0.1125793894831218,0.1629645944002803,0.1016396052593024,0.2027552065312234,8.882620563064272,10.042909630916036,0.019977964846977798
micro,33.61558816494481,4.958274512255484,0.0140481445764947,1.8796513395270469,0.2690255203463936,0.120300753793673,0.0965481723471113,0.018346454544948137,0.1125793894831218,0.1629645944002803,0.1016396052593024,0.2027552065312234,8.882620563064272,10.042909630916036,0.019977964846977798
micro,33.61558816494481,4.958274512255484,0.0140481445764947,1.8796513395270469,0.2690255203463936,0.1055662494470928,0.0965481723471113,0.018346454544948137,0.1125793894831218,0.1629645944002803,0.1016396052593024,0.2027552065312234,8.882620563064272,10.042909630916036,0.019977964846977798
micro,33.61558816494481,4.958274512255484,0.0140481445764947,1.8796513395270469,0.2690255203463936,0.1308351430151578,0.0965481723471113,0.018346454544948137,0.1125793894831218,0.1629645944002803,0.1016396052593024,0.2027552065312234,8.882620563064272,10.042909630916036,0.019977964846977798
micro,33.61558816494481,4.958274512255484,0.0140481445764947,1.8796513395270469,0.2690255203463936,0.1047731673625423,0.0965481723471113,0.018346454544948137,0.1125793894831218,0.1629645944002803,0.1016396052593024,0.2027552065312234,8.882620563064272,10.042909630916036,0.019977964846977798
micro,33.61558816494481,4.958274512255484,0.0140481445764947,1.8796513395270469,0.2690255203463936,0.0753287196244542,0.0965481723471113,0.018346454544948137,0.1125793894831218,0.1629645944002803,0.1016396052593024,0.2027552065312234,8.882620563064272,10.042909630916036,0.019977964846977798
micro,33.61558816494481,4.958274512255484,0.0140481445764947,1.8796513395270469,0.2690255203463936,0.0820542036557885,0.0965481723471113,0.018346454544948137,0.1125793894831218,0.1629645944002803,0.1016396052593024,0.2027552065312234,8.882620563064272,10.042909630916036,0.019977964846977798
micro,33.61558816494481,4.958274512255484,0.0140481445764947,1.8796513395270469,0.2690255203463936,0.0794015790257622,0.0965481723471113,0.018346454544948137,0.1125793894831218,0.1629645944002803,0.1016396052593024,0.2027552065312234,8.882620563064272,10.042909630916036,0.019977964846977798
micro,33.61558816494481,4.958274512255484,0.0140481445764947,1.8796513395270469,0.2690255203463936,0.1160847908839984,0.0965481723471113,0.018346454544948137,0.1125793894831218,0.1629645944002803,0.1016396052593024,0.2027552065312234,8.882620563064272,10.042909630916036,0.019977964846977798
micro,33.61558816494481,4.958274512255484,0.0140481445764947,1.8796513395270469,0.2690255203463936,0.0842005774542989,0.0965481723471113,0.018346454544948137,0.1125793894831218,0.1629645944002803,0.1016396052593024,0.2027552065312234,8.882620563064272,10.042909630916036,0.019977964846977798
micro,33.61558816494481,4.958274512255484,0.0140481445764947,1.8796513395270469,0.2690255203463936,0.0731602913977323,0.0965481723471113,0.018346454544948137,0.1125793894831218,0.1629645944002803,0.1016396052593024,0.2027552065312234,8.882620563064272,10.042909630916036,0.019977964846977798
micro,33.61558816494481,4.958274512255484,0.0140481445764947,1.8796513395270469,0.2690255203463936,0.1064229667191913,0.0965481723471113,0.018346454544948137,0.1125793894831218,0.1629645944002803,0.1016396052593024,0.2027552065312234,8.882620563064272,10.042909630916036,0.019977964846977798
micro,33.61558816494481,4.958274512255484,0.0140481445764947,1.8796513395270469,0.2690255203463936,0.0783137021102202,0.0965481723471113,0.018346454544948137,0.1125793894831218,0.1629645944002803,0.1016396052593024,0.2027552065312234,8.882620563064272,10.042909630916036,0.019977964846977798
micro,33.61558816494481,4.958274512255484,0.0140481445764947,1.8796513395270469,0.2690255203463936,0.0763967142492003,0.0965481723471113,0.018346454544948137,0.1125793894831218,0.1629645944002803,0.1016396052593024,0.2027552065312234,8.882620563064272,10.042909630916036,0.019977964846977798
micro,44.35181534732877,7.991255296914801,1.6527404595545132,1.908493788123048,1.6019225548607765,0.1923251454792654,0.18714579591073938,0.02199409751590968,0.1087528337259412,0.2022393050588009,0.1016396052593024,0.2027552065312234,9.195162698197041,10.042909630916036,0.019977964846977798
micro,44.35181534732877,7.991255296914801,1.6527404595545132,1.908493788123048,1.6019225548607765,0.1845081875656404,0.18714579591073938,0.02199409751590968,0.1087528337259412,0.2022393050588009,0.1016396052593024,0.2027552065312234,9.195162698197041,10.042909630916036,0.019977964846977798
micro,44.35181534732877,7.991255296914801,1.6527404595545132,1.908493788123048,1.6019225548607765,0.1792969341599261,0.18714579591073938,0.02199409751590968,0.1087528337259412,0.2022393050588009,0.1016396052593024,0.2027552065312234,9.195162698197041,10.042909630916036,0.019977964846977798
micro,44.35181534732877,7.991255296914801,1.6527404595545132,1.908493788123048,1.6019225548607765,0.1854696777262397,0.18714579591073938,0.02199409751590968,0.1087528337259412,0.2022393050588009,0.1016396052593024,0.2027552065312234,9.195162698197041,10.042909630916036,0.019977964846977798
micro,44.35181534732877,7.991255296914801,1.6527404595545132,1.908493788123048,1.6019225548607765,0.1710442698954135,0.18714579591073938,0.02199409751590968,0.1087528337259412,0.2022393050588009,0.1016396052593024,0.2027552065312234,9.195162698197041,10.042909630916036,0.019977964846977798
micro,44.35181534732877,7.991255296914801,1.6527404595545132,1.908493788123048,1.6019225548607765,0.141343394970157,0.18714579591073938,0.02199409751590968,0.1087528337259412,0.2022393050588009,0.1016396052593024,0.2027552065312234,9.195162698197041,10.042909630916036,0.019977964846977798
micro,44.35181534732877,7.991255296914801,1.6527404595545132,1.908493788123048,1.6019225548607765,0.2086974937284372,0.18714579591073938,0.02199409751590968,0.1087528337259412,0.2022393050588009,0.1016396052593024,0.2027552065312234,9.195162698197041,10.042909630916036,0.019977964846977798
micro,44.35181534732877,7.991255296914801,1.6527404595545132,1.908493788123048,1.6019225548607765,0.1801998440827032,0.18714579591073938,0.02199409751590968,0.1087528337259412,0.2022393050588009,0.1016396052593024,0.2027552065312234,9.195162698197041,10.042909630916036,0.019977964846977798
micro,44.35181534732877,7.991255296914801,1.6527404595545132,1.908493788123048,1.6019225548607765,0.2163717554242056,0.18714579591073938,0.02199409751590968,0.1087528337259412,0.2022393050588009,0.1016396052593024,0.2027552065312234,9.195162698197041,10.042909630916036,0.019977964846977798
micro,44.35181534732877,7.991255296914801,1.6527404595545132,1.908493788123048,1.6019225548607765,0.180532164254776,0.18714579591073938,0.02199409751590968,0.1087528337259412,0.2022393050588009,0.1016396052593024,0.2027552065312234,9.195162698197041,10.042909630916036,0.019977964846977798
micro,44.35181534732877,7.991255296914801,1.6527404595545132,1.908493788123048,1.6019225548607765,0.1530195882775241,0.18714579591073938,0.02199409751590968,0.1087528337259412,0.2022393050588009,0.1016396052593024,0.2027552065312234,9.195162698197041,10.042909630916036,0.019977964846977798
micro,44.35181534732877,7.991255296914801,1.6527404595545132,1.908493788123048,1.6019225548607765,0.1892563928796092,0.18714579591073938,0.02199409751590968,0.1087528337259412,0.2022393050588009,0.1016396052593024,0.2027552065312234,9.195162698197041,10.042909630916036,0.019977964846977798
micro,44.35181534732877,7.991255296914801,1.6527404595545132,1.908493788123048,1.6019225548607765,0.1776173397792181,0.18714579591073938,0.02199409751590968,0.1087528337259412,0.2022393050588009,0.1016396052593024,0.2027552065312234,9.195162698197041,10.042909630916036,0.019977964846977798
micro,44.35181534732877,7.991255296914801,1.6527404595545132,1.908493788123048,1.6019225548607765,0.2109603986039564,0.18714579591073938,0.02199409751590968,0.1087528337259412,0.2022393050588009,0.1016396052593024,0.2027552065312234,9.195162698197041,10.042909630916036,0.019977964846977798
micro,44.35181534732877,7.991255296914801,1.6527404595545132,1.908493788123048,1.6019225548607765,0.1830004654383386,0.18714579591073938,0.02199409751590968,0.1087528337259412,0.2022393050588009,0.1016396052593024,0.2027552065312234,9.195162698197041,10.042909630916036,0.019977964846977798
micro,44.35181534732877,7.991255296914801,1.6527404595545132,1.908493788123048,1.6019225548607765,0.1565603224080622,0.18714579591073938,0.02199409751590968,0.1087528337259412,0.2022393050588009,0.1016396052593024,0.2027552065312234,9.195162698197041,10.042909630916036,0.019977964846977798
micro,44.35181534732877,7.991255296914801,1.6527404595545132,1.908493788123048,1.6019225548607765,0.2164341607944991,0.18714579591073938,0.02199409751590968,0.1087528337259412,0.2022393050588009,0.1016396052593024,0.2027552065312234,9.195162698197041,10.042909630916036,0.019977964846977798
micro,44.35181534732877,7.991255296914801,1.6527404595545132,1.908493788123048,1.6019225548607765,0.2173326264232778,0.18714579591073938,0.02199409751590968,0.1087528337259412,0.2022393050588009,0.1016396052593024,0.2027552065312234,9.195162698197041,10.042909630916036,0.019977964846977798
micro,44.35181534732877,7.991255296914801,1.6527404595545132,1.908493788123048,1.6019225548607765,0.2148437978714217,0.18714579591073938,0.02199409751590968,0.1087528337259412,0.2022393050588009,0.1016396052593024,0.2027552065312234,9.195162698197041,10.042909630916036,0.019977964846977798
micro,44.35181534732877,7.991255296914801,1.6527404595545132,1.908493788123048,1.6019225548607765,0.1841019584521161,0.18714579591073938,0.02199409751590968,0.1087528337259412,0.2022393050588009,0.1016396052593024,0.2027552065312234,9.195162698197041,10.042909630916036,0.019977964846977798
micro,51.52412017245634,9.22655091239048,0.368505843195887,1.5853897904650591,1.083663165797044,0.1492289148665812,0.14636372534551237,0.02068936968485724,0.1046058868946608,0.19778398997459515,0.1016396052593024,0.2027552065312234,9.55969142546451,10.042909630916036,0.019977964846977798
micro,51.52412017245634,9.22655091239048,0.368505843195887,1.5853897904650591,1.083663165797044,0.159423675508166,0.14636372534551237,0.02068936968485724,0.1046058868946608,0.19778398997459515,0.1016396052593024,0.2027552065312234,9.55969142546451,10.042909630916036,0.019977964846977798
micro,51.52412017245634,9.22655091239048,0.368505843195887,1.5853897904650591,1.083663165797044,0.1735865201605277,0.14636372534551237,0.02068936968485724,0.1046058868946608,0.19778398997459515,0.1016396052593024,0.2027552065312234,9.55969142546451,10.042909630916036,0.019977964846977798
micro,51.52412017245634,9.22655091239048,0.368505843195887,1.5853897904650591,1.083663165797044,0.138171978751725,0.14636372534551237,0.02068936968485724,0.1046058868946608,0.19778398997459515,0.1016396052593024,0.2027552065312234,9.55969142546451,10.042909630916036,0.019977964846977798
micro,51.52412017245634,9.22655091239048,0.368505843195887,1.5853897904650591,1.083663165797044,0.1209052931878048,0.14636372534551237,0.02068936968485724,0.1046058868946608,0.19778398997459515,0.1016396052593024,0.2027552065312234,9.55969142546451,10.042909630916036,0.019977964846977798
micro,51.52412017245634,9.22655091239048,0.368505843195887,1.5853897904650591,1.083663165797044,0.16181980329684,0.14636372534551237,0.02068936968485724,0.1046058868946608,0.19778398997459515,0.1016396052593024,0.2027552065312234,9.55969142546451,10.042909630916036,0.019977964846977798
micro,51.52412017245634,9.22655091239048,0.368505843195887,1.5853897904650591,1.083663165797044,0.1182891617929251,0.14636372534551237,0.02068936968485724,0.1046058868946608,0.19778398997459515,0.1016396052593024,0.2027552065312234,9.55969142546451,10.042909630916036,0.019977964846977798
micro,51.52412017245634,9.22655091239048,0.368505843195887,1.5853897904650591,1.083663165797044,0.1450794738372504,0.14636372534551237,0.02068936968485724,0.1046058868946608,0.19778398997459515,0.1016396052593024,0.2027552065312234,9.55969142546451,10.042909630916036,0.019977964846977798
micro,51.52412017245634,9.22655091239048,0.368505843195887,1.5853897904650591,1.083663165797044,0.1148594240975715,0.14636372534551237,0.02068936968485724,0.1046058868946608,0.19778398997459515,0.1016396052593024,0.2027552065312234,9.55969142546451,10.042909630916036,0.019977964846977798
micro,51.52412017245634,9.22655091239048,0.368505843195887,1.5853897904650591,1.083663165797044,0.1503375578744966,0.14636372534551237,0.02068936968485724,0.1046058868946608,0.19778398997459515,0.1016396052593024,0.2027552065312234,9.55969142546451,10.042909630916036,0.019977964846977798
micro,51.52412017245634,9.22655091239048,0.368505843195887,1.5853897904650591,1.083663165797044,0.1617397687460493,0.14636372534551237,0.02068936968485724,0.1046058868946608,0.19778398997459515,0.1016396052593024,0.2027552065312234,9.55969142546451,10.042909630916036,0.019977964846977798
micro,51.52412017245634,9.22655091239048,0.368505843195887,1.5853897904650591,1.083663165797044,0.1450461218847533,0.14636372534551237,0.02068936968485724,0.1046058868946608,0.19778398997459515,0.1016396052593024,0.2027552065312234,9.55969142546451,10.042909630916036,0.019977964846977798
micro,51.52412017245634,9.22655091239048,0.368505843195887,1.5853897904650591,1.083663165797044,0.1683027803717289,0.14636372534551237,0.02068936968485724,0.1046058868946608,0.19778398997459515,0.1016396052593024,0.2027552065312234,9.55969142546451,10.042909630916036,0.019977964846977798
micro,51.52412017245634,9.22655091239048,0.368505843195887,1.5853897904650591,1.083663165797044,0.1529312862802991,0.14636372534551237,0.02068936968485724,0.1046058868946608,0.19778398997459515,0.1016396052593024,0.2027552065312234,9.55969142546451,10.042909630916036,0.019977964846977798
micro,51.52412017245634,9.22655091239048,0.368505843195887,1.5853897904650591,1.083663165797044,0.1003339340679437,0.14636372534551237,0.02068936968485724,0.1046058868946608,0.19778398997459515,0.1016396052593024,0.2027552065312234,9.55969142546451,10.042909630916036,0.019977964846977798
micro,51.52412017245634,9.22655091239048,0.368505843195887,1.5853897904650591,1.083663165797044,0.1818615754079742,0.14636372534551237,0.02068936968485724,0.1046058868946608,0.19778398997459515,0.1016396052593024,0.2027552065312234,9.55969142546451,10.042909630916036,0.019977964846977798
micro,51.52412017245634,9.22655091239048,0.368505843195887,1.5853897904650591,1.083663165797044,0.1531299027665495,0.14636372534551237,0.02068936968485724,0.1046058868946608,0.19778398997459515,0.1016396052593024,0.2027552065312234,9.55969142546451,10.042909630916036,0.019977964846977798
micro,51.52412017245634,9.22655091239048,0.368505843195887,1.5853897904650591,1.083663165797044,0.1555818948821827,0.14636372534551237,0.02068936968485724,0.1046058868946608,0.19778398997459515,0.1016396052593024,0.2027552065312234,9.55969142546451,10.042909630916036,0.019977964846977798
micro,51.52412017245634,9.22655091239048,0.368505843195887,1.5853897904650591,1.083663165797044,0.1437681031923683,0.14636372534551237,0.02068936968485724,0.1046058868946608,0.19778398997459515,0.1016396052593024,0.2027552065312234,9.55969142546451,10.042909630916036,0.019977964846977798
micro,51.52412017245634,9.22655091239048,0.368505843195887,1.5853897904650591,1.083663165797044,0.1328773359365101,0.14636372534551237,0.02068936968485724,0.1046058868946608,0.19778398997459515,0.1016396052593024,0.2027552065312234,9.55969142546451,10.042909630916036,0.019977964846977798
micro,34.68108583269521,8.228109982728935,1.5048063169682886,1.69231019541095,1.7832482222209858,0.5044319781630008,0.5266505059038065,0.02485100439613924,0.0565295294568549,0.43961102515644107,0.1016396052593024,0.2027552065312234,17.68986951789914,10.042909630916036,0.019977964846977798
micro,34.68108583269521,8.228109982728935,1.5048063169682886,1.69231019541095,1.7832482222209858,0.5198676803365709,0.5266505059038065,0.02485100439613924,0.0565295294568549,0.43961102515644107,0.1016396052593024,0.2027552065312234,17.68986951789914,10.042909630916036,0.019977964846977798
micro,34.68108583269521,8.228109982728935,1.5048063169682886,1.69231019541095,1.7832482222209858,0.5207626500709426,0.5266505059038065,0.02485100439613924,0.0565295294568549,0.43961102515644107,0.1016396052593024,0.2027552065312234,17.68986951789914,10.042909630916036,0.019977964846977798
micro,34.68108583269521,8.228109982728935,1.5048063169682886,1.69231019541095,1.7832482222209858,0.5207223048567367,0.5266505059038065,0.02485100439613924,0.0565295294568549,0.43961102515644107,0.1016396052593024,0.2027552065312234,17.68986951789914,10.042909630916036,0.019977964846977798
micro,34.68108583269521,8.228109982728935,1.5048063169682886,1.69231019541095,1.7832482222209858,0.5885533431194951,0.5266505059038065,0.02485100439613924,0.0565295294568549,0.43961102515644107,0.1016396052593024,0.2027552065312234,17.68986951789914,10.042909630916036,0.019977964846977798
micro,34.68108583269521,8.228109982728935,1.5048063169682886,1.69231019541095,1.7832482222209858,0.5421944559123366,0.5266505059038065,0.02485100439613924,0.0565295294568549,0.43961102515644107,0.1016396052593024,0.2027552065312234,17.68986951789914,10.042909630916036,0.019977964846977798
micro,34.68108583269521,8.228109982728935,1.5048063169682886,1.69231019541095,1.7832482222209858,0.4999202014398208,0.5266505059038065,0.02485100439613924,0.0565295294568549,0.43961102515644107,0.1016396052593024,0.2027552065312234,17.68986951789914,10.042909630916036,0.019977964846977798
micro,34.68108583269521,8.228109982728935,1.5048063169682886,1.69231019541095,1.7832482222209858,0.5426268335093295,0.5266505059038065,0.02485100439613924,0.0565295294568549,0.43961102515644107,0.1016396052593024,0.2027552065312234,17.68986951789914,10.042909630916036,0.019977964846977798
micro,34.68108583269521,8.228109982728935,1.5048063169682886,1.69231019541095,1.7832482222209858,0.5425715498963131,0.5266505059038065,0.02485100439613924,0.0565295294568549,0.43961102515644107,0.1016396052593024,0.2027552065312234,17.68986951789914,10.042909630916036,0.019977964846977798
micro,34.68108583269521,8.228109982728935,1.5048063169682886,1.69231019541095,1.7832482222209858,0.5465131574887994,0.5266505059038065,0.02485100439613924,0.0565295294568549,0.43961102515644107,0.1016396052593024,0.2027552065312234,17.68986951789914,10.042909630916036,0.019977964846977798
micro,34.68108583269521,8.228109982728935,1.5048063169682886,1.69231019541095,1.7832482222209858,0.5258661311821584,0.5266505059038065,0.02485100439613924,0.0565295294568549,0.43961102515644107,0.1016396052593024,0.2027552065312234,17.68986951789914,10.042909630916036,0.019977964846977798
micro,34.68108583269521,8.228109982728935,1.5048063169682886,1.69231019541095,1.7832482222209858,0.5088274983276214,0.5266505059038065,0.02485100439613924,0.0565295294568549,0.43961102515644107,0.1016396052593024,0.2027552065312234,17.68986951789914,10.042909630916036,0.019977964846977798
micro,34.68108583269521,8.228109982728935,1.5048063169682886,1.69231019541095,1.7832482222209858,0.543106869722638,0.5266505059038065,0.02485100439613924,0.0565295294568549,0.43961102515644107,0.1016396052593024,0.2027552065312234,17.68986951789914,10.042909630916036,0.019977964846977798
micro,34.68108583269521,8.228109982728935,1.5048063169682886,1.69231019541095,1.7832482222209858,0.4810060866032419,0.5266505059038065,0.02485100439613924,0.0565295294568549,0.43961102515644107,0.1016396052593024,0.2027552065312234,17.68986951789914,10.042909630916036,0.019977964846977798
micro,34.68108583269521,8.228109982728935,1.5048063169682886,1.69231019541095,1.7832482222209858,0.5081720236070572,0.5266505059038065,0.02485100439613924,0.0565295294568549,0.43961102515644107,0.1016396052593024,0.2027552065312234,17.68986951789914,10.042909630916036,0.019977964846977798
micro,34.68108583269521,8.228109982728935,1.5048063169682886,1.69231019541095,1.7832482222209858,0.539375339321114,0.5266505059038065,0.02485100439613924,0.0565295294568549,0.43961102515644107,0.1016396052593024,0.2027552065312234,17.68986951789914,10.042909630916036,0.019977964846977798
micro,34.68108583269521,8.228109982728935,1.5048063169682886,1.69231019541095,1.7832482222209858,0.5255196962561594,0.5266505059038065,0.02485100439613924,0.0565295294568549,0.43961102515644107,0.1016396052593024,0.2027552065312234,17.68986951789914,10.042909630916036,0.019977964846977798
micro,34.68108583269521,8.228109982728935,1.5048063169682886,1.69231019541095,1.7832482222209858,0.4868197140755064,0.5266505059038065,0.02485100439613924,0.0565295294568549,0.43961102515644107,0.1016396052593024,0.2027552065312234,17.68986951789914,10.042909630916036,0.019977964846977798
micro,34.68108583269521,8.228109982728935,1.5048063169682886,1.69231019541095,1.7832482222209858,0.5511324706176209,0.5266505059038065,0.02485100439613924,0.0565295294568549,0.43961102515644107,0.1016396052593024,0.2027552065312234,17.68986951789914,10.042909630916036,0.019977964846977798
micro,34.68108583269521,8.228109982728935,1.5048063169682886,1.69231019541095,1.7832482222209858,0.5350201335696664,0.5266505059038065,0.02485100439613924,0.0565295294568549,0.43961102515644107,0.1016396052593024,0.2027552065312234,17.68986951789914,10.042909630916036,0.019977964846977798
bench,47.454360279517104,7.728101954803803,1.7858450094389746,1.0118731203422475,1.3004618274689124,3.726166496754749,3.738360834493771,0.056717461468829444,2.3627894165791705,0.02400445044778666,2.380032193580204,0.024105824054463803,0.42322857592945917,0.4231313696684928,0.0567652114182699
bench,47.454360279517104,7.728101954803803,1.7858450094389746,1.0118731203422475,1.3004618274689124,3.810958618030467,3.738360834493771,0.056717461468829444,2.3627894165791705,0.02400445044778666,2.380032193580204,0.024105824054463803,0.42322857592945917,0.4231313696684928,0.0567652114182699
bench,47.454360279517104,7.728101954803803,1.7858450094389746,1.0118731203422475,1.3004618274689124,3.81774387388846,3.738360834493771,0.056717461468829444,2.3627894165791705,0.02400445044778666,2.380032193580204,0.024105824054463803,0.42322857592945917,0.4231313696684928,0.0567652114182699
bench,47.454360279517104,7.728101954803803,1.7858450094389746,1.0118731203422475,1.3004618274689124,3.73627275433421,3.738360834493771,0.056717461468829444,2.3627894165791705,0.02400445044778666,2.380032193580204,0.024105824054463803,0.42322857592945917,0.4231313696684928,0.0567652114182699
bench,47.454360279517104,7.728101954803803,1.7858450094389746,1.0118731203422475,1.3004618274689124,3.660156548667633,3.738360834493771,0.056717461468829444,2.3627894165791705,0.02400445044778666,2.380032193580204,0.024105824054463803,0.42322857592945917,0.4231313696684928,0.0567652114182699
bench,47.454360279517104,7.728101954803803,1.7858450094389746,1.0118731203422475,1.3004618274689124,3.710578020198717,3.738360834493771,0.056717461468829444,2.3627894165791705,0.02400445044778666,2.380032193580204,0.024105824054463803,0.42322857592945917,0.4231313696684928,0.0567652114182699
bench,47.454360279517104,7.728101954803803,1.7858450094389746,1.0118731203422475,1.3004618274689124,3.763008501976757,3.738360834493771,0.056717461468829444,2.3627894165791705,0.02400445044778666,2.380032193580204,0.024105824054463803,0.42322857592945917,0.4231313696684928,0.0567652114182699
bench,47.454360279517104,7.728101954803803,1.7858450094389746,1.0118731203422475,1.3004618274689124,3.753642652648132,3.738360834493771,0.056717461468829444,2.3627894165791705,0.02400445044778666,2.380032193580204,0.024105824054463803,0.42322857592945917,0.4231313696684928,0.0567652114182699
bench,47.454360279517104,7.728101954803803,1.7858450094389746,1.0118731203422475,1.3004618274689124,3.684650448877408,3.738360834493771,0.056717461468829444,2.3627894165791705,0.02400445044778666,2.380032193580204,0.024105824054463803,0.42322857592945917,0.4231313696684928,0.0567652114182699
bench,47.454360279517104,7.728101954803803,1.7858450094389746,1.0118731203422475,1.3004618274689124,3.7780518190302272,3.738360834493771,0.056717461468829444,2.3627894165791705,0.02400445044778666,2.380032193580204,0.024105824054463803,0.42322857592945917,0.4231313696684928,0.0567652114182699
bench,47.454360279517104,7.728101954803803,1.7858450094389746,1.0118731203422475,1.3004618274689124,3.819896822000477,3.738360834493771,0.056717461468829444,2.3627894165791705,0.02400445044778666,2.380032193580204,0.024105824054463803,0.42322857592945917,0.4231313696684928,0.0567652114182699
bench,47.454360279517104,7.728101954803803,1.7858450094389746,1.0118731203422475,1.3004618274689124,3.712856677271339,3.738360834493771,0.056717461468829444,2.3627894165791705,0.02400445044778666,2.380032193580204,0.024105824054463803,0.42322857592945917,0.4231313696684928,0.0567652114182699
bench,47.454360279517104,7.728101954803803,1.7858450094389746,1.0118731203422475,1.3004618274689124,3.7783788296398257,3.738360834493771,0.056717461468829444,2.3627894165791705,0.02400445044778666,2.380032193580204,0.024105824054463803,0.42322857592945917,0.4231313696684928,0.0567652114182699
bench,47.454360279517104,7.728101954803803,1.7858450094389746,1.0118731203422475,1.3004618274689124,3.651551618427481,3.738360834493771,0.056717461468829444,2.3627894165791705,0.02400445044778666,2.380032193580204,0.024105824054463803,0.42322857592945917,0.4231313696684928,0.0567652114182699
bench,47.454360279517104,7.728101954803803,1.7858450094389746,1.0118731203422475,1.3004618274689124,3.718710116538364,3.738360834493771,0.056717461468829444,2.3627894165791705,0.02400445044778666,2.380032193580204,0.024105824054463803,0.42322857592945917,0.4231313696684928,0.0567652114182699
bench,47.454360279517104,7.728101954803803,1.7858450094389746,1.0118731203422475,1.3004618274689124,3.7040354122586336,3.738360834493771,0.056717461468829444,2.3627894165791705,0.02400445044778666,2.380032193580204,0.024105824054463803,0.42322857592945917,0.4231313696684928,0.0567652114182699
bench,47.454360279517104,7.728101954803803,1.7858450094389746,1.0118731203422475,1.3004618274689124,3.682570542031274,3.738360834493771,0.056717461468829444,2.3627894165791705,0.02400445044778666,2.380032193580204,0.024105824054463803,0.42322857592945917,0.4231313696684928,0.0567652114182699
bench,47.454360279517104,7.728101954803803,1.7858450094389746,1.0118731203422475,1.3004618274689124,3.8391609775243896,3.738360834493771,0.056717461468829444,2.3627894165791705,0.02400445044778666,2.380032193580204,0.024105824054463803,0.42322857592945917,0.4231313696684928,0.0567652114182699
bench,47.454360279517104,7.728101954803803,1.7858450094389746,1.0118731203422475,1.3004618274689124,3.663277699650054,3.738360834493771,0.056717461468829444,2.3627894165791705,0.02400445044778666,2.380032193580204,0.024105824054463803,0.42322857592945917,0.4231313696684928,0.0567652114182699
bench,47.454360279517104,7.728101954803803,1.7858450094389746,1.0118731203422475,1.3004618274689124,3.755548260126828,3.738360834493771,0.056717461468829444,2.3627894165791705,0.02400445044778666,2.380032193580204,0.024105824054463803,0.42322857592945917,0.4231313696684928,0.0567652114182699
bench,24.2080343676954,5.410315939556034,0.7113086021443186,0.1942973886395463,0.4317697837783722,3.0909801660242726,3.0664121339514234,0.04940580341076117,2.489717725689805,0.019843937688587863,2.380032193580204,0.024105824054463803,0.4016519582447599,0.4231313696684928,0.0567652114182699
bench,24.2080343676954,5.410315939556034,0.7113086021443186,0.1942973886395463,0.4317697837783722,3.106539558130297,3.0664121339514234,0.04940580341076117,2.489717725689805,0.019843937688587863,2.380032193580204,0.024105824054463803,0.4016519582447599,0.4231313696684928,0.0567652114182699
bench,24.2080343676954,5.410315939556034,0.7113086021443186,0.1942973886395463,0.4317697837783722,2.986910154184017,3.0664121339514234,0.04940580341076117,2.489717725689805,0.019843937688587863,2.380032193580204,0.024105824054463803,0.4016519582447599,0.4231313696684928,0.0567652114182699
bench,24.2080343676954,5.410315939556034,0.7113086021443186,0.1942973886395463,0.4317697837783722,3.121631226706448,3.0664121339514234,0.04940580341076117,2.489717725689805,0.019843937688587863,2.380032193580204,0.024105824054463803,0.4016519582447599,0.4231313696684928,0.0567652114182699
bench,24.2080343676954,5.410315939556034,0.7113086021443186,0.1942973886395463,0.4317697837783722,3.0053450489260274,3.0664121339514234,0.04940580341076117,2.489717725689805,0.019843937688587863,2.380032193580204,0.024105824054463803,0.4016519582447599,0.4231313696684928,0.0567652114182699
bench,24.2080343676954,5.410315939556034,0.7113086021443186,0.1942973886395463,0.4317697837783722,3.029374419342943,3.0664121339514234,0.04940580341076117,2.489717725689805,0.019843937688587863,2.380032193580204,0.024105824054463803,0.4016519582447599,0.4231313696684928,0.0567652114182699
bench,24.2080343676954,5.410315939556034,0.7113086021443186,0.1942973886395463,0.4317697837783722,3.078546662954961,3.0664121339514234,0.04940580341076117,2.489717725689805,0.019843937688587863,2.380032193580204,0.024105824054463803,0.4016519582447599,0.4231313696684928,0.0567652114182699
bench,24.2080343676954,5.410315939556034,0.7113086021443186,0.1942973886395463,0.4317697837783722,3.0915264455433937,3.0664121339514234,0.04940580341076117,2.489717725689805,0.019843937688587863,2.380032193580204,0.024105824054463803,0.4016519582447599,0.4231313696684928,0.0567652114182699
bench,24.2080343676954,5.410315939556034,0.7113086021443186,0.1942973886395463,0.4317697837783722,3.140312682251732,3.0664121339514234,0.04940580341076117,2.489717725689805,0.019843937688587863,2.380032193580204,0.024105824054463803,0.4016519582447599,0.4231313696684928,0.0567652114182699
bench,24.2080343676954,5.410315939556034,0.7113086021443186,0.1942973886395463,0.4317697837783722,3.0577888463895824,3.0664121339514234,0.04940580341076117,2.489717725689805,0.019843937688587863,2.380032193580204,0.024105824054463803,0.4016519582447599,0.4231313696684928,0.0567652114182699
bench,24.2080343676954,5.410315939556034,0.7113086021443186,0.1942973886395463,0.4317697837783722,3.1216803446871304,3.0664121339514234,0.04940580341076117,2.489717725689805,0.019843937688587863,2.380032193580204,0.024105824054463803,0.4016519582447599,0.4231313696684928,0.0567652114182699
bench,24.2080343676954,5.410315939556034,0.7113086021443186,0.1942973886395463,0.4317697837783722,3.0899812180393003,3.0664121339514234,0.04940580341076117,2.489717725689805,0.019843937688587863,2.380032193580204,0.024105824054463803,0.4016519582447599,0.4231313696684928,0.0567652114182699
bench,24.2080343676954,5.410315939556034,0.7113086021443186,0.1942973886395463,0.4317697837783722,3.126815093549569,3.0664121339514234,0.04940580341076117,2.489717725689805,0.019843937688587863,2.380032193580204,0.024105824054463803,0.4016519582447599,0.4231313696684928,0.0567652114182699
bench,24.2080343676954,5.410315939556034,0.7113086021443186,0.1942973886395463,0.4317697837783722,3.0683946086089544,3.0664121339514234,0.04940580341076117,2.489717725689805,0.019843937688587863,2.380032193580204,0.024105824054463803,0.4016519582447599,0.4231313696684928,0.0567652114182699
bench,24.2080343676954,5.410315939556034,0.7113086021443186,0.1942973886395463,0.4317697837783722,3.02626874071217,3.0664121339514234,0.04940580341076117,2.489717725689805,0.019843937688587863,2.380032193580204,0.024105824054463803,0.4016519582447599,0.4231313696684928,0.0567652114182699
bench,24.2080343676954,5.410315939556034,0.7113086021443186,0.1942973886395463,0.4317697837783722,2.971597975145087,3.0664121339514234,0.04940580341076117,2.489717725689805,0.019843937688587863,2.380032193580204,0.024105824054463803,0.4016519582447599,0.4231313696684928,0.0567652114182699
bench,24.2080343676954,5.410315939556034,0.7113086021443186,0.1942973886395463,0.4317697837783722,3.0274294698190563,3.0664121339514234,0.04940580341076117,2.489717725689805,0.019843937688587863,2.380032193580204,0.024105824054463803,0.4016519582447599,0.4231313696684928,0.0567652114182699
bench,24.2080343676954,5.410315939556034,0.7113086021443186,0.1942973886395463,0.4317697837783722,3.0478748491995806,3.0664121339514234,0.04940580341076117,2.489717725689805,0.019843937688587863,2.380032193580204,0.024105824054463803,0.4016519582447599,0.4231313696684928,0.0567652114182699
bench,24.2080343676954,5.410315939556034,0.7113086021443186,0.1942973886395463,0.4317697837783722,3.1122370207748373,3.0664121339514234,0.04940580341076117,2.489717725689805,0.019843937688587863,2.380032193580204,0.024105824054463803,0.4016519582447599,0.4231313696684928,0.0567652114182699
bench,24.2080343676954,5.410315939556034,0.7113086021443186,0.1942973886395463,0.4317697837783722,3.02700814803912,3.0664121339514234,0.04940580341076117,2.489717725689805,0.019843937688587863,2.380032193580204,0.024105824054463803,0.4016519582447599,0.4231313696684928,0.0567652114182699
bench,59.83066347347517,8.56377001069653,0.9937596124577452,1.7322142704589818,0.376434864109482,3.092951330591111,3.0586404280569326,0.05965107958094041,2.4765683729158003,0.02408618321759068,2.380032193580204,0.024105824054463803,0.40378453142508836,0.4231313696684928,0.0567652114182699
bench,59.83066347347517,8.56377001069653,0.9937596124577452,1.7322142704589818,0.376434864109482,2.996055087751804,3.0586404280569326,0.05965107958094041,2.4765683729158003,0.02408618321759068,2.380032193580204,0.024105824054463803,0.40378453142508836,0.4231313696684928,0.0567652114182699
bench,59.83066347347517,8.56377001069653,0.9937596124577452,1.7322142704589818,0.376434864109482,3.1171597882616724,3.0586404280569326,0.05965107958094041,2.4765683729158003,0.02408618321759068,2.380032193580204,0.024105824054463803,0.40378453142508836,0.4231313696684928,0.0567652114182699
bench,59.83066347347517,8.56377001069653,0.9937596124577452,1.7322142704589818,0.376434864109482,3.0484233267723173,3.0586404280569326,0.05965107958094041,2.4765683729158003,0.02408618321759068,2.380032193580204,0.024105824054463803,0.40378453142508836,0.4231313696684928,0.0567652114182699
bench,59.83066347347517,8.56377001069653,0.9937596124577452,1.7322142704589818,0.376434864109482,3.056626520052001,3.0586404280569326,0.05965107958094041,2.4765683729158003,0.02408618321759068,2.380032193580204,0.024105824054463803,0.40378453142508836,0.4231313696684928,0.0567652114182699
bench,59.83066347347517,8.56377001069653,0.9937596124577452,1.7322142704589818,0.376434864109482,3.124503710396447,3.0586404280569326,0.05965107958094041,2.4765683729158003,0.02408618321759068,2.380032193580204,0.024105824054463803,0.40378453142508836,0.4231313696684928,0.0567652114182699
bench,59.83066347347517,8.56377001069653,0.9937596124577452,1.7322142704589818,0.376434864109482,3.056019620178384,3.0586404280569326,0.05965107958094041,2.4765683729158003,0.02408618321759068,2.380032193580204,0.024105824054463803,0.40378453142508836,0.4231313696684928,0.0567652114182699
bench,59.83066347347517,8.56377001069653,0.9937596124577452,1.7322142704589818,0.376434864109482,3.036480068839713,3.0586404280569326,0.05965107958094041,2.4765683729158003,0.02408618321759068,2.380032193580204,0.024105824054463803,0.40378453142508836,0.4231313696684928,0.0567652114182699
bench,59.83066347347517,8.56377001069653,0.9937596124577452,1.7322142704589818,0.376434864109482,2.948501241625133,3.0586404280569326,0.05965107958094041,2.4765683729158003,0.02408618321759068,2.380032193580204,0.024105824054463803,0.40378453142508836,0.4231313696684928,0.0567652114182699
bench,59.83066347347517,8.56377001069653,0.9937596124577452,1.7322142704589818,0.376434864109482,3.112964038562361,3.0586404280569326,0.05965107958094041,2.4765683729158003,0.02408618321759068,2.380032193580204,0.024105824054463803,0.40378453142508836,0.4231313696684928,0.0567652114182699
bench,59.83066347347517,8.56377001069653,0.9937596124577452,1.7322142704589818,0.376434864109482,3.069425068080299,3.0586404280569326,0.05965107958094041,2.4765683729158003,0.02408618321759068,2.380032193580204,0.024105824054463803,0.40378453142508836,0.4231313696684928,0.0567652114182699
bench,59.83066347347517,8.56377001069653,0.9937596124577452,1.7322142704589818,0.376434864109482,3.095257987941487,3.0586404280569326,0.05965107958094041,2.4765683729158003,0.02408618321759068,2.380032193580204,0.024105824054463803,0.40378453142508836,0.4231313696684928,0.0567652114182699
bench,59.83066347347517,8.56377001069653,0.9937596124577452,1.7322142704589818,0.376434864109482,3.014693939340828,3.0586404280569326,0.05965107958094041,2.4765683729158003,0.02408618321759068,2.380032193580204,0.024105824054463803,0.40378453142508836,0.4231313696684928,0.0567652114182699
bench,59.83066347347517,8.56377001069653,0.9937596124577452,1.7322142704589818,0.376434864109482,2.9796052435219296,3.0586404280569326,0.05965107958094041,2.4765683729158003,0.02408618321759068,2.380032193580204,0.024105824054463803,0.40378453142508836,0.4231313696684928,0.0567652114182699
bench,59.83066347347517,8.56377001069653,0.9937596124577452,1.7322142704589818,0.376434864109482,3.104224585608203,3.0586404280569326,0.05965107958094041,2.4765683729158003,0.02408618321759068,2.380032193580204,0.024105824054463803,0.40378453142508836,0.4231313696684928,0.0567652114182699
bench,59.83066347347517,8.56377001069653,0.9937596124577452,1.7322142704589818,0.376434864109482,3.121106815905344,3.0586404280569326,0.05965107958094041,2.4765683729158003,0.02408618321759068,2.380032193580204,0.024105824054463803,0.40378453142508836,0.4231313696684928,0.0567652114182699
bench,59.83066347347517,8.56377001069653,0.9937596124577452,1.7322142704589818,0.376434864109482,3.068918598439554,3.0586404280569326,0.05965107958094041,2.4765683729158003,0.02408618321759068,2.380032193580204,0.024105824054463803,0.40378453142508836,0.4231313696684928,0.0567652114182699
bench,59.83066347347517,8.56377001069653,0.9937596124577452,1.7322142704589818,0.376434864109482,3.098206676705194,3.0586404280569326,0.05965107958094041,2.4765683729158003,0.02408618321759068,2.380032193580204,0.024105824054463803,0.40378453142508836,0.4231313696684928,0.0567652114182699
bench,59.83066347347517,8.56377001069653,0.9937596124577452,1.7322142704589818,0.376434864109482,3.1110070480378185,3.0586404280569326,0.05965107958094041,2.4765683729158003,0.02408618321759068,2.380032193580204,0.024105824054463803,0.40378453142508836,0.4231313696684928,0.0567652114182699
bench,59.83066347347517,8.56377001069653,0.9937596124577452,1.7322142704589818,0.376434864109482,2.920677864527044,3.0586404280569326,0.05965107958094041,2.4765683729158003,0.02408618321759068,2.380032193580204,0.024105824054463803,0.40378453142508836,0.4231313696684928,0.0567652114182699
bench,28.78992378316696,8.962699134684907,1.167396930856356,0.8210016310269816,0.0812879062925603,2.925475229618823,2.9162793270282545,0.051462287397695,2.504032331512119,0.020551766345052853,2.380032193580204,0.024105824054463803,0.39935586590294797,0.4231313696684928,0.0567652114182699
bench,28.78992378316696,8.962699134684907,1.167396930856356,0.8210016310269816,0.0812879062925603,2.9554908609502686,2.9162793270282545,0.051462287397695,2.504032331512119,0.020551766345052853,2.380032193580204,0.024105824054463803,0.39935586590294797,0.4231313696684928,0.0567652114182699
bench,28.78992378316696,8.962699134684907,1.167396930856356,0.8210016310269816,0.0812879062925603,3.029102492224021,2.9162793270282545,0.051462287397695,2.504032331512119,0.020551766345052853,2.380032193580204,0.024105824054463803,0.39935586590294797,0.4231313696684928,0.0567652114182699
bench,28.78992378316696,8.962699134684907,1.167396930856356,0.8210016310269816,0.0812879062925603,2.847112958491166,2.9162793270282545,0.051462287397695,2.504032331512119,0.020551766345052853,2.380032193580204,0.024105824054463803,0.39935586590294797,0.4231313696684928,0.0567652114182699
bench,28.78992378316696,8.962699134684907,1.167396930856356,0.8210016310269816,0.0812879062925603,2.901399099260985,2.9162793270282545,0.051462287397695,2.504032331512119,0.020551766345052853,2.380032193580204,0.024105824054463803,0.39935586590294797,0.4231313696684928,0.0567652114182699
bench,28.78992378316696,8.962699134684907,1.167396930856356,0.8210016310269816,0.0812879062925603,2.8915777057984684,2.9162793270282545,0.051462287397695,2.504032331512119,0.020551766345052853,2.380032193580204,0.024105824054463803,0.39935586590294797,0.4231313696684928,0.0567652114182699
bench,28.78992378316696,8.962699134684907,1.167396930856356,0.8210016310269816,0.0812879062925603,2.937475980061368,2.9162793270282545,0.051462287397695,2.504032331512119,0.020551766345052853,2.380032193580204,0.024105824054463803,0.39935586590294797,0.4231313696684928,0.0567652114182699
bench,28.78992378316696,8.962699134684907,1.167396930856356,0.8210016310269816,0.0812879062925603,2.8629438573663144,2.9162793270282545,0.051462287397695,2.504032331512119,0.020551766345052853,2.380032193580204,0.024105824054463803,0.39935586590294797,0.4231313696684928,0.0567652114182699
bench,28.78992378316696,8.962699134684907,1.167396930856356,0.8210016310269816,0.0812879062925603,2.958446645322653,2.9162793270282545,0.051462287397695,2.504032331512119,0.020551766345052853,2.380032193580204,0.024105824054463803,0.39935586590294797,0.4231313696684928,0.0567652114182699
bench,28.78992378316696,8.962699134684907,1.167396930856356,0.8210016310269816,0.0812879062925603,2.8232245656721706,2.9162793270282545,0.051462287397695,2.504032331512119,0.020551766345052853,2.380032193580204,0.024105824054463803,0.39935586590294797,0.4231313696684928,0.0567652114182699
bench,28.78992378316696,8.962699134684907,1.167396930856356,0.8210016310269816,0.0812879062925603,2.9737695482039515,2.9162793270282545,0.051462287397695,2.504032331512119,0.020551766345052853,2.380032193580204,0.024105824054463803,0.39935586590294797,0.4231313696684928,0.0567652114182699
bench,28.78992378316696,8.962699134684907,1.167396930856356,0.8210016310269816,0.0812879062925603,2.916144779518454,2.9162793270282545,0.051462287397695,2.504032331512119,0.020551766345052853,2.380032193580204,0.024105824054463803,0.39935586590294797,0.4231313696684928,0.0567652114182699
bench,28.78992378316696,8.962699134684907,1.167396930856356,0.8210016310269816,0.0812879062925603,2.931070211460458,2.9162793270282545,0.051462287397695,2.504032331512119,0.020551766345052853,2.380032193580204,0.024105824054463803,0.39935586590294797,0.4231313696684928,0.0567652114182699
bench,28.78992378316696,8.962699134684907,1.167396930856356,0.8210016310269816,0.0812879062925603,2.976253760386117,2.9162793270282545,0.051462287397695,2.504032331512119,0.020551766345052853,2.380032193580204,0.024105824054463803,0.39935586590294797,0.4231313696684928,0.0567652114182699
bench,28.78992378316696,8.962699134684907,1.167396930856356,0.8210016310269816,0.0812879062925603,2.9006555838017944,2.9162793270282545,0.051462287397695,2.504032331512119,0.020551766345052853,2.380032193580204,0.024105824054463803,0.39935586590294797,0.4231313696684928,0.0567652114182699
bench,28.78992378316696,8.962699134684907,1.167396930856356,0.8210016310269816,0.0812879062925603,2.92322468007226,2.9162793270282545,0.051462287397695,2.504032331512119,0.020551766345052853,2.380032193580204,0.024105824054463803,0.39935586590294797,0.4231313696684928,0.0567652114182699
bench,28.78992378316696,8.962699134684907,1.167396930856356,0.8210016310269816,0.0812879062925603,2.893521668444568,2.9162793270282545,0.051462287397695,2.504032331512119,0.020551766345052853,2.380032193580204,0.024105824054463803,0.39935586590294797,0.4231313696684928,0.0567652114182699
bench,28.78992378316696,8.962699134684907,1.167396930856356,0.8210016310269816,0.0812879062925603,2.8879903014998494,2.9162793270282545,0.051462287397695,2.504032331512119,0.020551766345052853,2.380032193580204,0.024105824054463803,0.39935586590294797,0.4231313696684928,0.0567652114182699
bench,28.78992378316696,8.962699134684907,1.167396930856356,0.8210016310269816,0.0812879062925603,2.9545724574411927,2.9162793270282545,0.051462287397695,2.504032331512119,0.020551766345052853,2.380032193580204,0.024105824054463803,0.39935586590294797,0.4231313696684928,0.0567652114182699
bench,28.78992378316696,8.962699134684907,1.167396930856356,0.8210016310269816,0.0812879062925603,2.836134154970205,2.9162793270282545,0.051462287397695,2.504032331512119,0.020551766345052853,2.380032193580204,0.024105824054463803,0.39935586590294797,0.4231313696684928,0.0567652114182699
bench,27.133202650189684,6.494410197555484,0.4894325215795773,0.7489880759072334,0.1127422268048163,2.827724297952125,2.8505358701167776,0.059743709055961824,2.528247574913828,0.023630482097069992,2.380032193580204,0.024105824054463803,0.3955308846816886,0.4231313696684928,0.0567652114182699
bench,27.133202650189684,6.494410197555484,0.4894325215795773,0.7489880759072334,0.1127422268048163,2.848522730517416,2.8505358701167776,0.059743709055961824,2.528247574913828,0.023630482097069992,2.380032193580204,0.024105824054463803,0.3955308846816886,0.4231313696684928,0.0567652114182699
bench,27.133202650189684,6.494410197555484,0.4894325215795773,0.7489880759072334,0.1127422268048163,2.87803553466761,2.8505358701167776,0.059743709055961824,2.528247574913828,0.023630482097069992,2.380032193580204,0.024105824054463803,0.3955308846816886,0.4231313696684928,0.0567652114182699
bench,27.133202650189684,6.494410197555484,0.4894325215795773,0.7489880759072334,0.1127422268048163,2.858001855579549,2.8505358701167776,0.059743709055961824,2.528247574913828,0.023630482097069992,2.380032193580204,0.024105824054463803,0.3955308846816886,0.4231313696684928,0.0567652114182699
bench,27.133202650189684,6.494410197555484,0.4894325215795773,0.7489880759072334,0.1127422268048163,2.787104176405653,2.8505358701167776,0.059743709055961824,2.528247574913828,0.023630482097069992,2.380032193580204,0.024105824054463803,0.3955308846816886,0.4231313696684928,0.0567652114182699
bench,27.133202650189684,6.494410197555484,0.4894325215795773,0.7489880759072334,0.1127422268048163,2.894475170507817,2.8505358701167776,0.059743709055961824,2.528247574913828,0.023630482097069992,2.380032193580204,0.024105824054463803,0.3955308846816886,0.4231313696684928,0.0567652114182699
bench,27.133202650189684,6.494410197555484,0.4894325215795773,0.7489880759072334,0.1127422268048163,2.890890239729407,2.8505358701167776,0.059743709055961824,2.528247574913828,0.023630482097069992,2.380032193580204,0.024105824054463803,0.3955308846816886,0.4231313696684928,0.0567652114182699
bench,27.133202650189684,6.494410197555484,0.4894325215795773,0.7489880759072334,0.1127422268048163,2.733940977764524,2.8505358701167776,0.059743709055961824,2.528247574913828,0.023630482097069992,2.380032193580204,0.024105824054463803,0.3955308846816886,0.4231313696684928,0.0567652114182699
bench,27.133202650189684,6.494410197555484,0.4894325215795773,0.7489880759072334,0.1127422268048163,2.760508558133222,2.8505358701167776,0.059743709055961824,2.528247574913828,0.023630482097069992,2.380032193580204,0.024105824054463803,0.3955308846816886,0.4231313696684928,0.0567652114182699
bench,27.133202650189684,6.494410197555484,0.4894325215795773,0.7489880759072334,0.1127422268048163,2.8985682226814826,2.8505358701167776,0.059743709055961824,2.528247574913828,0.023630482097069992,2.380032193580204,0.024105824054463803,0.3955308846816886,0.4231313696684928,0.0567652114182699
bench,27.133202650189684,6.494410197555484,0.4894325215795773,0.7489880759072334,0.1127422268048163,2.8397495880895325,2.8505358701167776,0.059743709055961824,2.528247574913828,0.023630482097069992,2.380032193580204,0.024105824054463803,0.3955308846816886,0.4231313696684928,0.0567652114182699
bench,27.133202650189684,6.494410197555484,0.4894325215795773,0.7489880759072334,0.1127422268048163,2.897466502997175,2.8505358701167776,0.059743709055961824,2.528247574913828,0.023630482097069992,2.380032193580204,0.024105824054463803,0.3955308846816886,0.4231313696684928,0.0567652114182699
bench,27.133202650189684,6.494410197555484,0.4894325215795773,0.7489880759072334,0.1127422268048163,2.8848935313121777,2.8505358701167776,0.059743709055961824,2.528247574913828,0.023630482097069992,2.380032193580204,0.024105824054463803,0.3955308846816886,0.4231313696684928,0.0567652114182699
bench,27.133202650189684,6.494410197555484,0.4894325215795773,0.7489880759072334,0.1127422268048163,2.851639733124206,2.8505358701167776,0.059743709055961824,2.528247574913828,0.023630482097069992,2.380032193580204,0.024105824054463803,0.3955308846816886,0.4231313696684928,0.0567652114182699
bench,27.133202650189684,6.494410197555484,0.4894325215795773,0.7489880759072334,0.1127422268048163,2.8860139926218387,2.8505358701167776,0.059743709055961824,2.528247574913828,0.023630482097069992,2.380032193580204,0.024105824054463803,0.3955308846816886,0.4231313696684928,0.0567652114182699
bench,27.133202650189684,6.494410197555484,0.4894325215795773,0.7489880759072334,0.1127422268048163,3.0042169530105443,2.8505358701167776,0.059743709055961824,2.528247574913828,0.023630482097069992,2.380032193580204,0.024105824054463803,0.3955308846816886,0.4231313696684928,0.0567652114182699
bench,27.133202650189684,6.494410197555484,0.4894325215795773,0.7489880759072334,0.1127422268048163,2.829991341052833,2.8505358701167776,0.059743709055961824,2.528247574913828,0.023630482097069992,2.380032193580204,0.024105824054463803,0.3955308846816886,0.4231313696684928,0.0567652114182699
bench,27.133202650189684,6.494410197555484,0.4894325215795773,0.7489880759072334,0.1127422268048163,2.7932846980462425,2.8505358701167776,0.059743709055961824,2.528247574913828,0.023630482097069992,2.380032193580204,0.024105824054463803,0.3955308846816886,0.4231313696684928,0.0567652114182699
bench,27.133202650189684,6.494410197555484,0.4894325215795773,0.7489880759072334,0.1127422268048163,2.8481522768594973,2.8505358701167776,0.059743709055961824,2.528247574913828,0.023630482097069992,2.380032193580204,0.024105824054463803,0.3955308846816886,0.4231313696684928,0.0567652114182699
bench,27.133202650189684,6.494410197555484,0.4894325215795773,0.7489880759072334,0.1127422268048163,2.797537021282709,2.8505358701167776,0.059743709055961824,2.528247574913828,0.023630482097069992,2.380032193580204,0.024105824054463803,0.3955308846816886,0.4231313696684928,0.0567652114182699
bench,53.44076133252229,4.518791863666897,0.168796329162723,0.2973732801713683,0.955184767502098,3.178040000311697,3.2283295401805825,0.051758505607083415,2.534935089741069,0.020418079270175825,2.380032193580204,0.024105824054463803,0.3944874186510807,0.4231313696684928,0.0567652114182699
bench,53.44076133252229,4.518791863666897,0.168796329162723,0.2973732801713683,0.955184767502098,3.246499121506048,3.2283295401805825,0.051758505607083415,2.534935089741069,0.020418079270175825,2.380032193580204,0.024105824054463803,0.3944874186510807,0.4231313696684928,0.0567652114182699
bench,53.44076133252229,4.518791863666897,0.168796329162723,0.2973732801713683,0.955184767502098,3.259703845252283,3.2283295401805825,0.051758505607083415,2.534935089741069,0.020418079270175825,2.380032193580204,0.024105824054463803,0.3944874186510807,0.4231313696684928,0.0567652114182699
bench,53.44076133252229,4.518791863666897,0.168796329162723,0.2973732801713683,0.955184767502098,3.289619244449214,3.2283295401805825,0.051758505607083415,2.534935089741069,0.020418079270175825,2.380032193580204,0.024105824054463803,0.3944874186510807,0.4231313696684928,0.0567652114182699
bench,53.44076133252229,4.518791863666897,0.168796329162723,0.2973732801713683,0.955184767502098,3.2124996649677,3.2283295401805825,0.051758505607083415,2.534935089741069,0.020418079270175825,2.380032193580204,0.024105824054463803,0.3944874186510807,0.4231313696684928,0.0567652114182699
bench,53.44076133252229,4.518791863666897,0.168796329162723,0.2973732801713683,0.955184767502098,3.290657926186754,3.2283295401805825,0.051758505607083415,2.534935089741069,0.020418079270175825,2.380032193580204,0.024105824054463803,0.3944874186510807,0.4231313696684928,0.0567652114182699
bench,53.44076133252229,4.518791863666897,0.168796329162723,0.2973732801713683,0.955184767502098,3.259218313701626,3.2283295401805825,0.051758505607083415,2.534935089741069,0.020418079270175825,2.380032193580204,0.024105824054463803,0.3944874186510807,0.4231313696684928,0.0567652114182699
bench,53.44076133252229,4.518791863666897,0.168796329162723,0.2973732801713683,0.955184767502098,3.171524191074599,3.2283295401805825,0.051758505607083415,2.534935089741069,0.020418079270175825,2.380032193580204,0.024105824054463803,0.3944874186510807,0.4231313696684928,0.0567652114182699
bench,53.44076133252229,4.518791863666897,0.168796329162723,0.2973732801713683,0.955184767502098,3.1945138719444426,3.2283295401805825,0.051758505607083415,2.534935089741069,0.020418079270175825,2.380032193580204,0.024105824054463803,0.3944874186510807,0.4231313696684928,0.0567652114182699
bench,53.44076133252229,4.518791863666897,0.168796329162723,0.2973732801713683,0.955184767502098,3.225015990980985,3.2283295401805825,0.051758505607083415,2.534935089741069,0.020418079270175825,2.380032193580204,0.024105824054463803,0.3944874186510807,0.4231313696684928,0.0567652114182699
bench,53.44076133252229,4.518791863666897,0.168796329162723,0.2973732801713683,0.955184767502098,3.141220055142855,3.2283295401805825,0.051758505607083415,2.534935089741069,0.020418079270175825,2.380032193580204,0.024105824054463803,0.3944874186510807,0.4231313696684928,0.0567652114182699
bench,53.44076133252229,4.518791863666897,0.168796329162723,0.2973732801713683,0.955184767502098,3.290229858575528,3.2283295401805825,0.051758505607083415,2.534935089741069,0.020418079270175825,2.380032193580204,0.024105824054463803,0.3944874186510807,0.4231313696684928,0.0567652114182699
bench,53.44076133252229,4.518791863666897,0.168796329162723,0.2973732801713683,0.955184767502098,3.234006282054372,3.2283295401805825,0.051758505607083415,2.534935089741069,0.020418079270175825,2.380032193580204,0.024105824054463803,0.3944874186510807,0.4231313696684928,0.0567652114182699
bench,53.44076133252229,4.518791863666897,0.168796329162723,0.2973732801713683,0.955184767502098,3.164505732462984,3.2283295401805825,0.051758505607083415,2.534935089741069,0.020418079270175825,2.380032193580204,0.024105824054463803,0.3944874186510807,0.4231313696684928,0.0567652114182699
bench,53.44076133252229,4.518791863666897,0.168796329162723,0.2973732801713683,0.955184767502098,3.350128186049033,3.2283295401805825,0.051758505607083415,2.534935089741069,0.020418079270175825,2.380032193580204,0.024105824054463803,0.3944874186510807,0.4231313696684928,0.0567652114182699
bench,53.44076133252229,4.518791863666897,0.168796329162723,0.2973732801713683,0.955184767502098,3.2370816259223543,3.2283295401805825,0.051758505607083415,2.534935089741069,0.020418079270175825,2.380032193580204,0.024105824054463803,0.3944874186510807,0.4231313696684928,0.0567652114182699
bench,53.44076133252229,4.518791863666897,0.168796329162723,0.2973732801713683,0.955184767502098,3.199676531288413,3.2283295401805825,0.051758505607083415,2.534935089741069,0.020418079270175825,2.380032193580204,0.024105824054463803,0.3944874186510807,0.4231313696684928,0.0567652114182699
bench,53.44076133252229,4.518791863666897,0.168796329162723,0.2973732801713683,0.955184767502098,3.1924526721676805,3.2283295401805825,0.051758505607083415,2.534935089741069,0.020418079270175825,2.380032193580204,0.024105824054463803,0.3944874186510807,0.4231313696684928,0.0567652114182699
bench,53.44076133252229,4.518791863666897,0.168796329162723,0.2973732801713683,0.955184767502098,3.1934508883285697,3.2283295401805825,0.051758505607083415,2.534935089741069,0.020418079270175825,2.380032193580204,0.024105824054463803,0.3944874186510807,0.4231313696684928,0.0567652114182699
bench,53.44076133252229,4.518791863666897,0.168796329162723,0.2973732801713683,0.955184767502098,3.236546801244505,3.2283295401805825,0.051758505607083415,2.534935089741069,0.020418079270175825,2.380032193580204,0.024105824054463803,0.3944874186510807,0.4231313696684928,0.0567652114182699
bench,20.373815013921664,4.838840512917546,0.214326395931585,0.4746743727910948,0.5153368445224549,2.947094144191901,2.959406794242459,0.04731530786882991,2.5392932863861466,0.018633258364640415,2.380032193580204,0.024105824054463803,0.393810358717237,0.4231313696684928,0.0567652114182699
bench,20.373815013921664,4.838840512917546,0.214326395931585,0.4746743727910948,0.5153368445224549,2.9287798062556774,2.959406794242459,0.04731530786882991,2.5392932863861466,0.018633258364640415,2.380032193580204,0.024105824054463803,0.393810358717237,0.4231313696684928,0.0567652114182699
bench,20.373815013921664,4.838840512917546,0.214326395931585,0.4746743727910948,0.5153368445224549,2.9812872694181776,2.959406794242459,0.04731530786882991,2.5392932863861466,0.018633258364640415,2.380032193580204,0.024105824054463803,0.393810358717237,0.4231313696684928,0.0567652114182699
bench,20.373815013921664,4.838840512917546,0.214326395931585,0.4746743727910948,0.5153368445224549,3.0316196146371523,2.959406794242459,0.04731530786882991,2.5392932863861466,0.018633258364640415,2.380032193580204,0.024105824054463803,0.393810358717237,0.4231313696684928,0.0567652114182699
bench,20.373815013921664,4.838840512917546,0.214326395931585,0.4746743727910948,0.5153368445224549,2.9602879336622525,2.959406794242459,0.04731530786882991,2.5392932863861466,0.018633258364640415,2.380032193580204,0.024105824054463803,0.393810358717237,0.4231313696684928,0.0567652114182699
bench,20.373815013921664,4.838840512917546,0.214326395931585,0.4746743727910948,0.5153368445224549,2.9028935601483807,2.959406794242459,0.04731530786882991,2.5392932863861466,0.018633258364640415,2.380032193580204,0.024105824054463803,0.393810358717237,0.4231313696684928,0.0567652114182699
bench,20.373815013921664,4.838840512917546,0.214326395931585,0.4746743727910948,0.5153368445224549,2.95896286395404,2.959406794242459,0.04731530786882991,2.5392932863861466,0.018633258364640415,2.380032193580204,0.024105824054463803,0.393810358717237,0.4231313696684928,0.0567652114182699
bench,20.373815013921664,4.838840512917546,0.214326395931585,0.4746743727910948,0.5153368445224549,2.9306882835069583,2.959406794242459,0.04731530786882991,2.5392932863861466,0.018633258364640415,2.380032193580204,0.024105824054463803,0.393810358717237,0.4231313696684928,0.0567652114182699
bench,20.373815013921664,4.838840512917546,0.214326395931585,0.4746743727910948,0.5153368445224549,2.8734245757585257,2.959406794242459,0.04731530786882991,2.5392932863861466,0.018633258364640415,2.380032193580204,0.024105824054463803,0.393810358717237,0.4231313696684928,0.0567652114182699
bench,20.373815013921664,4.838840512917546,0.214326395931585,0.4746743727910948,0.5153368445224549,2.9785630533879406,2.959406794242459,0.04731530786882991,2.5392932863861466,0.018633258364640415,2.380032193580204,0.024105824054463803,0.393810358717237,0.4231313696684928,0.0567652114182699
bench,20.373815013921664,4.838840512917546,0.214326395931585,0.4746743727910948,0.5153368445224549,2.995301585611308,2.959406794242459,0.04731530786882991,2.5392932863861466,0.018633258364640415,2.380032193580204,0.024105824054463803,0.393810358717237,0.4231313696684928,0.0567652114182699
bench,20.373815013921664,4.838840512917546,0.214326395931585,0.4746743727910948,0.5153368445224549,2.9937078343177874,2.959406794242459,0.04731530786882991,2.5392932863861466,0.018633258364640415,2.380032193580204,0.024105824054463803,0.393810358717237,0.4231313696684928,0.0567652114182699
bench,20.373815013921664,4.838840512917546,0.214326395931585,0.4746743727910948,0.5153368445224549,2.971504693861453,2.959406794242459,0.04731530786882991,2.5392932863861466,0.018633258364640415,2.380032193580204,0.024105824054463803,0.393810358717237,0.4231313696684928,0.0567652114182699
bench,20.373815013921664,4.838840512917546,0.214326395931585,0.4746743727910948,0.5153368445224549,2.9425864986693715,2.959406794242459,0.04731530786882991,2.5392932863861466,0.018633258364640415,2.380032193580204,0.024105824054463803,0.393810358717237,0.4231313696684928,0.0567652114182699
bench,20.373815013921664,4.838840512917546,0.214326395931585,0.4746743727910948,0.5153368445224549,2.9513177092484937,2.959406794242459,0.04731530786882991,2.5392932863861466,0.018633258364640415,2.380032193580204,0.024105824054463803,0.393810358717237,0.4231313696684928,0.0567652114182699
bench,20.373815013921664,4.838840512917546,0.214326395931585,0.4746743727910948,0.5153368445224549,2.935234503289979,2.959406794242459,0.04731530786882991,2.5392932863861466,0.018633258364640415,2.380032193580204,0.024105824054463803,0.393810358717237,0.4231313696684928,0.0567652114182699
bench,20.373815013921664,4.838840512917546,0.214326395931585,0.4746743727910948,0.5153368445224549,3.0444715176554453,2.959406794242459,0.04731530786882991,2.5392932863861466,0.018633258364640415,2.380032193580204,0.024105824054463803,0.393810358717237,0.4231313696684928,0.0567652114182699
bench,20.373815013921664,4.838840512917546,0.214326395931585,0.4746743727910948,0.5153368445224549,2.91243899211686,2.959406794242459,0.04731530786882991,2.5392932863861466,0.018633258364640415,2.380032193580204,0.024105824054463803,0.393810358717237,0.4231313696684928,0.0567652114182699
bench,20.373815013921664,4.838840512917546,0.214326395931585,0.4746743727910948,0.5153368445224549,2.9013134838967587,2.959406794242459,0.04731530786882991,2.5392932863861466,0.018633258364640415,2.380032193580204,0.024105824054463803,0.393810358717237,0.4231313696684928,0.0567652114182699
bench,20.373815013921664,4.838840512917546,0.214326395931585,0.4746743727910948,0.5153368445224549,3.0466579612607103,2.959406794242459,0.04731530786882991,2.5392932863861466,0.018633258364640415,2.380032193580204,0.024105824054463803,0.393810358717237,0.4231313696684928,0.0567652114182699
bench,31.715147780677043,5.7518305979774205,0.5041028600767555,1.211571347746148,1.121966556838828,3.6422047893982703,3.560165471677646,0.035573278552975096,2.429857036827945,0.014640070594200147,2.380032193580204,0.024105824054463803,0.4115468461080531,0.4231313696684928,0.0567652114182699
bench,31.715147780677043,5.7518305979774205,0.5041028600767555,1.211571347746148,1.121966556838828,3.5331686133669304,3.560165471677646,0.035573278552975096,2.429857036827945,0.014640070594200147,2.380032193580204,0.024105824054463803,0.4115468461080531,0.4231313696684928,0.0567652114182699
bench,31.715147780677043,5.7518305979774205,0.5041028600767555,1.211571347746148,1.121966556838828,3.5798603789728705,3.560165471677646,0.035573278552975096,2.429857036827945,0.014640070594200147,2.380032193580204,0.024105824054463803,0.4115468461080531,0.4231313696684928,0.0567652114182699
bench,31.715147780677043,5.7518305979774205,0.5041028600767555,1.211571347746148,1.121966556838828,3.577816625635618,3.560165471677646,0.035573278552975096,2.429857036827945,0.014640070594200147,2.380032193580204,0.024105824054463803,0.4115468461080531,0.4231313696684928,0.0567652114182699
bench,31.715147780677043,5.7518305979774205,0.5041028600767555,1.211571347746148,1.121966556838828,3.503576667772716,3.560165471677646,0.035573278552975096,2.429857036827945,0.014640070594200147,2.380032193580204,0.024105824054463803,0.4115468461080531,0.4231313696684928,0.0567652114182699
bench,31.715147780677043,5.7518305979774205,0.5041028600767555,1.211571347746148,1.121966556838828,3.558406621256009,3.560165471677646,0.035573278552975096,2.429857036827945,0.014640070594200147,2.380032193580204,0.024105824054463803,0.4115468461080531,0.4231313696684928,0.0567652114182699
bench,31.715147780677043,5.7518305979774205,0.5041028600767555,1.211571347746148,1.121966556838828,3.545063733505062,3.560165471677646,0.035573278552975096,2.429857036827945,0.014640070594200147,2.380032193580204,0.024105824054463803,0.4115468461080531,0.4231313696684928,0.0567652114182699
bench,31.715147780677043,5.7518305979774205,0.5041028600767555,1.211571347746148,1.121966556838828,3.5633290777083424,3.560165471677646,0.035573278552975096,2.429857036827945,0.014640070594200147,2.380032193580204,0.024105824054463803,0.4115468461080531,0.4231313696684928,0.0567652114182699
bench,31.715147780677043,5.7518305979774205,0.5041028600767555,1.211571347746148,1.121966556838828,3.531096545125165,3.560165471677646,0.035573278552975096,2.429857036827945,0.014640070594200147,2.380032193580204,0.024105824054463803,0.4115468461080531,0.4231313696684928,0.0567652114182699
bench,31.715147780677043,5.7518305979774205,0.5041028600767555,1.211571347746148,1.121966556838828,3.542484886950034,3.560165471677646,0.035573278552975096,2.429857036827945,0.014640070594200147,2.380032193580204,0.024105824054463803,0.4115468461080531,0.4231313696684928,0.0567652114182699
bench,31.715147780677043,5.7518305979774205,0.5041028600767555,1.211571347746148,1.121966556838828,3.593260117159661,3.560165471677646,0.035573278552975096,2.429857036827945,0.014640070594200147,2.380032193580204,0.024105824054463803,0.4115468461080531,0.4231313696684928,0.0567652114182699
bench,31.715147780677043,5.7518305979774205,0.5041028600767555,1.211571347746148,1.121966556838828,3.578836121685677,3.560165471677646,0.035573278552975096,2.429857036827945,0.014640070594200147,2.380032193580204,0.024105824054463803,0.4115468461080531,0.4231313696684928,0.0567652114182699
bench,31.715147780677043,5.7518305979774205,0.5041028600767555,1.211571347746148,1.121966556838828,3.532903601495614,3.560165471677646,0.035573278552975096,2.429857036827945,0.014640070594200147,2.380032193580204,0.024105824054463803,0.4115468461080531,0.4231313696684928,0.0567652114182699
bench,31.715147780677043,5.7518305979774205,0.5041028600767555,1.211571347746148,1.121966556838828,3.5194701848250607,3.560165471677646,0.035573278552975096,2.429857036827945,0.014640070594200147,2.380032193580204,0.024105824054463803,0.4115468461080531,0.4231313696684928,0.0567652114182699
bench,31.715147780677043,5.7518305979774205,0.5041028600767555,1.211571347746148,1.121966556838828,3.609624851761283,3.560165471677646,0.035573278552975096,2.429857036827945,0.014640070594200147,2.380032193580204,0.024105824054463803,0.4115468461080531,0.4231313696684928,0.0567652114182699
bench,31.715147780677043,5.7518305979774205,0.5041028600767555,1.211571347746148,1.121966556838828,3.588844297835202,3.560165471677646,0.035573278552975096,2.429857036827945,0.014640070594200147,2.380032193580204,0.024105824054463803,0.4115468461080531,0.4231313696684928,0.0567652114182699
bench,31.715147780677043,5.7518305979774205,0.5041028600767555,1.211571347746148,1.121966556838828,3.5477798348673484,3.560165471677646,0.035573278552975096,2.429857036827945,0.014640070594200147,2.380032193580204,0.024105824054463803,0.4115468461080531,0.4231313696684928,0.0567652114182699
bench,31.715147780677043,5.7518305979774205,0.5041028600767555,1.211571347746148,1.121966556838828,3.528878747920296,3.560165471677646,0.035573278552975096,2.429857036827945,0.014640070594200147,2.380032193580204,0.024105824054463803,0.4115468461080531,0.4231313696684928,0.0567652114182699
bench,31.715147780677043,5.7518305979774205,0.5041028600767555,1.211571347746148,1.121966556838828,3.5244965591249846,3.560165471677646,0.035573278552975096,2.429857036827945,0.014640070594200147,2.380032193580204,0.024105824054463803,0.4115468461080531,0.4231313696684928,0.0567652114182699
bench,31.715147780677043,5.7518305979774205,0.5041028600767555,1.211571347746148,1.121966556838828,3.6022071771867745,3.560165471677646,0.035573278552975096,2.429857036827945,0.014640070594200147,2.380032193580204,0.024105824054463803,0.4115468461080531,0.4231313696684928,0.0567652114182699
bench,39.61940882849354,6.980553480312143,1.2918475517997128,1.441160592659531,1.5331160825684846,4.0315933940118125,3.9408032302683766,0.05658569782352642,2.3458618015289274,0.024121496750851394,2.380032193580204,0.024105824054463803,0.42628257101430483,0.4231313696684928,0.0567652114182699
bench,39.61940882849354,6.980553480312143,1.2918475517997128,1.441160592659531,1.5331160825684846,3.9525048370297817,3.9408032302683766,0.05658569782352642,2.3458618015289274,0.024121496750851394,2.380032193580204,0.024105824054463803,0.42628257101430483,0.4231313696684928,0.0567652114182699
bench,39.61940882849354,6.980553480312143,1.2918475517997128,1.441160592659531,1.5331160825684846,3.851225039844677,3.9408032302683766,0.05658569782352642,2.3458618015289274,0.024121496750851394,2.380032193580204,0.024105824054463803,0.42628257101430483,0.4231313696684928,0.0567652114182699
bench,39.61940882849354,6.980553480312143,1.2918475517997128,1.441160592659531,1.5331160825684846,3.9230950384935146,3.9408032302683766,0.05658569782352642,2.3458618015289274,0.024121496750851394,2.380032193580204,0.024105824054463803,0.42628257101430483,0.4231313696684928,0.0567652114182699
bench,39.61940882849354,6.980553480312143,1.2918475517997128,1.441160592659531,1.5331160825684846,3.973731059968508,3.9408032302683766,0.05658569782352642,2.3458618015289274,0.024121496750851394,2.380032193580204,0.024105824054463803,0.42628257101430483,0.4231313696684928,0.0567652114182699
bench,39.61940882849354,6.980553480312143,1.2918475517997128,1.441160592659531,1.5331160825684846,4.03874975090901,3.9408032302683766,0.05658569782352642,2.3458618015289274,0.024121496750851394,2.380032193580204,0.024105824054463803,0.42628257101430483,0.4231313696684928,0.0567652114182699
bench,39.61940882849354,6.980553480312143,1.2918475517997128,1.441160592659531,1.5331160825684846,3.9234925798141824,3.9408032302683766,0.05658569782352642,2.3458618015289274,0.024121496750851394,2.380032193580204,0.024105824054463803,0.42628257101430483,0.4231313696684928,0.0567652114182699
bench,39.61940882849354,6.980553480312143,1.2918475517997128,1.441160592659531,1.5331160825684846,3.892865795126793,3.9408032302683766,0.05658569782352642,2.3458618015289274,0.024121496750851394,2.380032193580204,0.024105824054463803,0.42628257101430483,0.4231313696684928,0.0567652114182699
bench,39.61940882849354,6.980553480312143,1.2918475517997128,1.441160592659531,1.5331160825684846,3.9778482033133207,3.9408032302683766,0.05658569782352642,2.3458618015289274,0.024121496750851394,2.380032193580204,0.024105824054463803,0.42628257101430483,0.4231313696684928,0.0567652114182699
bench,39.61940882849354,6.980553480312143,1.2918475517997128,1.441160592659531,1.5331160825684846,3.9314206124544895,3.9408032302683766,0.05658569782352642,2.3458618015289274,0.024121496750851394,2.380032193580204,0.024105824054463803,0.42628257101430483,0.4231313696684928,0.0567652114182699
bench,39.61940882849354,6.980553480312143,1.2918475517997128,1.441160592659531,1.5331160825684846,3.856222922420943,3.9408032302683766,0.05658569782352642,2.3458618015289274,0.024121496750851394,2.380032193580204,0.024105824054463803,0.42628257101430483,0.4231313696684928,0.0567652114182699
bench,39.61940882849354,6.980553480312143,1.2918475517997128,1.441160592659531,1.5331160825684846,3.918167590257629,3.9408032302683766,0.05658569782352642,2.3458618015289274,0.024121496750851394,2.380032193580204,0.024105824054463803,0.42628257101430483,0.4231313696684928,0.0567652114182699
bench,39.61940882849354,6.980553480312143,1.2918475517997128,1.441160592659531,1.5331160825684846,4.054480352343319,3.9408032302683766,0.05658569782352642,2.3458618015289274,0.024121496750851394,2.380032193580204,0.024105824054463803,0.42628257101430483,0.4231313696684928,0.0567652114182699
bench,39.61940882849354,6.980553480312143,1.2918475517997128,1.441160592659531,1.5331160825684846,3.875223209046468,3.9408032302683766,0.05658569782352642,2.3458618015289274,0.024121496750851394,2.380032193580204,0.024105824054463803,0.42628257101430483,0.4231313696684928,0.0567652114182699
bench,39.61940882849354,6.980553480312143,1.2918475517997128,1.441160592659531,1.5331160825684846,3.9774338544747776,3.9408032302683766,0.05658569782352642,2.3458618015289274,0.024121496750851394,2.380032193580204,0.024105824054463803,0.42628257101430483,0.4231313696684928,0.0567652114182699
bench,39.61940882849354,6.980553480312143,1.2918475517997128,1.441160592659531,1.5331160825684846,3.9509372305940977,3.9408032302683766,0.05658569782352642,2.3458618015289274,0.024121496750851394,2.380032193580204,0.024105824054463803,0.42628257101430483,0.4231313696684928,0.0567652114182699
bench,39.61940882849354,6.980553480312143,1.2918475517997128,1.441160592659531,1.5331160825684846,3.9273828460685207,3.9408032302683766,0.05658569782352642,2.3458618015289274,0.024121496750851394,2.380032193580204,0.024105824054463803,0.42628257101430483,0.4231313696684928,0.0567652114182699
bench,39.61940882849354,6.980553480312143,1.2918475517997128,1.441160592659531,1.5331160825684846,3.951393000717461,3.9408032302683766,0.05658569782352642,2.3458618015289274,0.024121496750851394,2.380032193580204,0.024105824054463803,0.42628257101430483,0.4231313696684928,0.0567652114182699
bench,39.61940882849354,6.980553480312143,1.2918475517997128,1.441160592659531,1.5331160825684846,3.8982245193023024,3.9408032302683766,0.05658569782352642,2.3458618015289274,0.024121496750851394,2.380032193580204,0.024105824054463803,0.42628257101430483,0.4231313696684928,0.0567652114182699
bench,39.61940882849354,6.980553480312143,1.2918475517997128,1.441160592659531,1.5331160825684846,3.91007276917593,3.9408032302683766,0.05658569782352642,2.3458618015289274,0.024121496750851394,2.380032193580204,0.024105824054463803,0.42628257101430483,0.4231313696684928,0.0567652114182699
bench,41.424620338284754,4.091128898783261,0.6666654042633036,0.0872152980752407,1.932969524113904,4.246180014059062,4.2946743390776385,0.07156090210252898,2.3065712957169606,0.031024795216783196,2.380032193580204,0.024105824054463803,0.43354393677615155,0.4231313696684928,0.0567652114182699
bench,41.424620338284754,4.091128898783261,0.6666654042633036,0.0872152980752407,1.932969524113904,4.19198479889273,4.2946743390776385,0.07156090210252898,2.3065712957169606,0.031024795216783196,2.380032193580204,0.024105824054463803,0.43354393677615155,0.4231313696684928,0.0567652114182699
bench,41.424620338284754,4.091128898783261,0.6666654042633036,0.0872152980752407,1.932969524113904,4.200127324131538,4.2946743390776385,0.07156090210252898,2.3065712957169606,0.031024795216783196,2.380032193580204,0.024105824054463803,0.43354393677615155,0.4231313696684928,0.0567652114182699
bench,41.424620338284754,4.091128898783261,0.6666654042633036,0.0872152980752407,1.932969524113904,4.3142317845731855,4.2946743390776385,0.07156090210252898,2.3065712957169606,0.031024795216783196,2.380032193580204,0.024105824054463803,0.43354393677615155,0.4231313696684928,0.0567652114182699
bench,41.424620338284754,4.091128898783261,0.6666654042633036,0.0872152980752407,1.932969524113904,4.382329649617389,4.2946743390776385,0.07156090210252898,2.3065712957169606,0.031024795216783196,2.380032193580204,0.024105824054463803,0.43354393677615155,0.4231313696684928,0.0567652114182699
bench,41.424620338284754,4.091128898783261,0.6666654042633036,0.0872152980752407,1.932969524113904,4.34609383615457,4.2946743390776385,0.07156090210252898,2.3065712957169606,0.031024795216783196,2.380032193580204,0.024105824054463803,0.43354393677615155,0.4231313696684928,0.0567652114182699
bench,41.424620338284754,4.091128898783261,0.6666654042633036,0.0872152980752407,1.932969524113904,4.320047249147808,4.2946743390776385,0.07156090210252898,2.3065712957169606,0.031024795216783196,2.380032193580204,0.024105824054463803,0.43354393677615155,0.4231313696684928,0.0567652114182699
bench,41.424620338284754,4.091128898783261,0.6666654042633036,0.0872152980752407,1.932969524113904,4.360368041685901,4.2946743390776385,0.07156090210252898,2.3065712957169606,0.031024795216783196,2.380032193580204,0.024105824054463803,0.43354393677615155,0.4231313696684928,0.0567652114182699
bench,41.424620338284754,4.091128898783261,0.6666654042633036,0.0872152980752407,1.932969524113904,4.351543719388506,4.2946743390776385,0.07156090210252898,2.3065712957169606,0.031024795216783196,2.380032193580204,0.024105824054463803,0.43354393677615155,0.4231313696684928,0.0567652114182699
bench,41.424620338284754,4.091128898783261,0.6666654042633036,0.0872152980752407,1.932969524113904,4.329803874980108,4.2946743390776385,0.07156090210252898,2.3065712957169606,0.031024795216783196,2.380032193580204,0.024105824054463803,0.43354393677615155,0.4231313696684928,0.0567652114182699
bench,41.424620338284754,4.091128898783261,0.6666654042633036,0.0872152980752407,1.932969524113904,4.165044138302289,4.2946743390776385,0.07156090210252898,2.3065712957169606,0.031024795216783196,2.380032193580204,0.024105824054463803,0.43354393677615155,0.4231313696684928,0.0567652114182699
bench,41.424620338284754,4.091128898783261,0.6666654042633036,0.0872152980752407,1.932969524113904,4.363154154902415,4.2946743390776385,0.07156090210252898,2.3065712957169606,0.031024795216783196,2.380032193580204,0.024105824054463803,0.43354393677615155,0.4231313696684928,0.0567652114182699
bench,41.424620338284754,4.091128898783261,0.6666654042633036,0.0872152980752407,1.932969524113904,4.22794412259168,4.2946743390776385,0.07156090210252898,2.3065712957169606,0.031024795216783196,2.380032193580204,0.024105824054463803,0.43354393677615155,0.4231313696684928,0.0567652114182699
bench,41.424620338284754,4.091128898783261,0.6666654042633036,0.0872152980752407,1.932969524113904,4.429443761443711,4.2946743390776385,0.07156090210252898,2.3065712957169606,0.031024795216783196,2.380032193580204,0.024105824054463803,0.43354393677615155,0.4231313696684928,0.0567652114182699
bench,41.424620338284754,4.091128898783261,0.6666654042633036,0.0872152980752407,1.932969524113904,4.280919754621484,4.2946743390776385,0.07156090210252898,2.3065712957169606,0.031024795216783196,2.380032193580204,0.024105824054463803,0.43354393677615155,0.4231313696684928,0.0567652114182699
bench,41.424620338284754,4.091128898783261,0.6666654042633036,0.0872152980752407,1.932969524113904,4.305676911869639,4.2946743390776385,0.07156090210252898,2.3065712957169606,0.031024795216783196,2.380032193580204,0.024105824054463803,0.43354393677615155,0.4231313696684928,0.0567652114182699
bench,41.424620338284754,4.091128898783261,0.6666654042633036,0.0872152980752407,1.932969524113904,4.207708523167763,4.2946743390776385,0.07156090210252898,2.3065712957169606,0.031024795216783196,2.380032193580204,0.024105824054463803,0.43354393677615155,0.4231313696684928,0.0567652114182699
bench,41.424620338284754,4.091128898783261,0.6666654042633036,0.0872152980752407,1.932969524113904,4.333675057520835,4.2946743390776385,0.07156090210252898,2.3065712957169606,0.031024795216783196,2.380032193580204,0.024105824054463803,0.43354393677615155,0.4231313696684928,0.0567652114182699
bench,41.424620338284754,4.091128898783261,0.6666654042633036,0.0872152980752407,1.932969524113904,4.283803347124191,4.2946743390776385,0.07156090210252898,2.3065712957169606,0.031024795216783196,2.380032193580204,0.024105824054463803,0.43354393677615155,0.4231313696684928,0.0567652114182699
bench,41.424620338284754,4.091128898783261,0.6666654042633036,0.0872152980752407,1.932969524113904,4.253406717377958,4.2946743390776385,0.07156090210252898,2.3065712957169606,0.031024795216783196,2.380032193580204,0.024105824054463803,0.43354393677615155,0.4231313696684928,0.0567652114182699
bench,55.709800882097134,6.8334792938170565,1.3111776433522968,1.1327709530788568,0.7029529355217974,3.3043529830285343,3.2841082330178883,0.06336054024338815,2.442616322394508,0.0259396204235938,2.380032193580204,0.024105824054463803,0.4093970841149933,0.4231313696684928,0.0567652114182699
bench,55.709800882097134,6.8334792938170565,1.3111776433522968,1.1327709530788568,0.7029529355217974,3.3866199677046347,3.2841082330178883,0.06336054024338815,2.442616322394508,0.0259396204235938,2.380032193580204,0.024105824054463803,0.4093970841149933,0.4231313696684928,0.0567652114182699
bench,55.709800882097134,6.8334792938170565,1.3111776433522968,1.1327709530788568,0.7029529355217974,3.3622769819839515,3.2841082330178883,0.06336054024338815,2.442616322394508,0.0259396204235938,2.380032193580204,0.024105824054463803,0.4093970841149933,0.4231313696684928,0.0567652114182699
bench,55.709800882097134,6.8334792938170565,1.3111776433522968,1.1327709530788568,0.7029529355217974,3.2272400769152423,3.2841082330178883,0.06336054024338815,2.442616322394508,0.0259396204235938,2.380032193580204,0.024105824054463803,0.4093970841149933,0.4231313696684928,0.0567652114182699
bench,55.709800882097134,6.8334792938170565,1.3111776433522968,1.1327709530788568,0.7029529355217974,3.2757667312030727,3.2841082330178883,0.06336054024338815,2.442616322394508,0.0259396204235938,2.380032193580204,0.024105824054463803,0.4093970841149933,0.4231313696684928,0.0567652114182699
bench,55.709800882097134,6.8334792938170565,1.3111776433522968,1.1327709530788568,0.7029529355217974,3.297695607787685,3.2841082330178883,0.06336054024338815,2.442616322394508,0.0259396204235938,2.380032193580204,0.024105824054463803,0.4093970841149933,0.4231313696684928,0.0567652114182699
bench,55.709800882097134,6.8334792938170565,1.3111776433522968,1.1327709530788568,0.7029529355217974,3.209482516625465,3.2841082330178883,0.06336054024338815,2.442616322394508,0.0259396204235938,2.380032193580204,0.024105824054463803,0.4093970841149933,0.4231313696684928,0.0567652114182699
bench,55.709800882097134,6.8334792938170565,1.3111776433522968,1.1327709530788568,0.7029529355217974,3.212136639023729,3.2841082330178883,0.06336054024338815,2.442616322394508,0.0259396204235938,2.380032193580204,0.024105824054463803,0.4093970841149933,0.4231313696684928,0.0567652114182699
bench,55.709800882097134,6.8334792938170565,1.3111776433522968,1.1327709530788568,0.7029529355217974,3.3000361538432768,3.2841082330178883,0.06336054024338815,2.442616322394508,0.0259396204235938,2.380032193580204,0.024105824054463803,0.4093970841149933,0.4231313696684928,0.0567652114182699
bench,55.709800882097134,6.8334792938170565,1.3111776433522968,1.1327709530788568,0.7029529355217974,3.3803922642836026,3.2841082330178883,0.06336054024338815,2.442616322394508,0.0259396204235938,2.380032193580204,0.024105824054463803,0.4093970841149933,0.4231313696684928,0.0567652114182699
bench,55.709800882097134,6.8334792938170565,1.3111776433522968,1.1327709530788568,0.7029529355217974,3.2414739166320183,3.2841082330178883,0.06336054024338815,2.442616322394508,0.0259396204235938,2.380032193580204,0.024105824054463803,0.4093970841149933,0.4231313696684928,0.0567652114182699
bench,55.709800882097134,6.8334792938170565,1.3111776433522968,1.1327709530788568,0.7029529355217974,3.256562221492921,3.2841082330178883,0.06336054024338815,2.442616322394508,0.0259396204235938,2.380032193580204,0.024105824054463803,0.4093970841149933,0.4231313696684928,0.0567652114182699
bench,55.709800882097134,6.8334792938170565,1.3111776433522968,1.1327709530788568,0.7029529355217974,3.160973356330347,3.2841082330178883,0.06336054024338815,2.442616322394508,0.0259396204235938,2.380032193580204,0.024105824054463803,0.4093970841149933,0.4231313696684928,0.0567652114182699
bench,55.709800882097134,6.8334792938170565,1.3111776433522968,1.1327709530788568,0.7029529355217974,3.3415447832622927,3.2841082330178883,0.06336054024338815,2.442616322394508,0.0259396204235938,2.380032193580204,0.024105824054463803,0.4093970841149933,0.4231313696684928,0.0567652114182699
bench,55.709800882097134,6.8334792938170565,1.3111776433522968,1.1327709530788568,0.7029529355217974,3.215412926066221,3.2841082330178883,0.06336054024338815,2.442616322394508,0.0259396204235938,2.380032193580204,0.024105824054463803,0.4093970841149933,0.4231313696684928,0.0567652114182699
bench,55.709800882097134,6.8334792938170565,1.3111776433522968,1.1327709530788568,0.7029529355217974,3.2973967490020866,3.2841082330178883,0.06336054024338815,2.442616322394508,0.0259396204235938,2.380032193580204,0.024105824054463803,0.4093970841149933,0.4231313696684928,0.0567652114182699
bench,55.709800882097134,6.8334792938170565,1.3111776433522968,1.1327709530788568,0.7029529355217974,3.229373588491069,3.2841082330178883,0.06336054024338815,2.442616322394508,0.0259396204235938,2.380032193580204,0.024105824054463803,0.4093970841149933,0.4231313696684928,0.0567652114182699
bench,55.709800882097134,6.8334792938170565,1.3111776433522968,1.1327709530788568,0.7029529355217974,3.3061580368601424,3.2841082330178883,0.06336054024338815,2.442616322394508,0.0259396204235938,2.380032193580204,0.024105824054463803,0.4093970841149933,0.4231313696684928,0.0567652114182699
bench,55.709800882097134,6.8334792938170565,1.3111776433522968,1.1327709530788568,0.7029529355217974,3.346532854684686,3.2841082330178883,0.06336054024338815,2.442616322394508,0.0259396204235938,2.380032193580204,0.024105824054463803,0.4093970841149933,0.4231313696684928,0.0567652114182699
bench,55.709800882097134,6.8334792938170565,1.3111776433522968,1.1327709530788568,0.7029529355217974,3.330736305136789,3.2841082330178883,0.06336054024338815,2.442616322394508,0.0259396204235938,2.380032193580204,0.024105824054463803,0.4093970841149933,0.4231313696684928,0.0567652114182699
bench,43.958888759557816,6.0971709071278415,1.4400163634263363,1.3742097580272303,1.831677991344932,4.341944342731408,4.2846661592546,0.03877648353875609,2.324393150945945,0.016682411718075944,2.380032193580204,0.024105824054463803,0.4302198187053838,0.4231313696684928,0.0567652114182699
bench,43.958888759557816,6.0971709071278415,1.4400163634263363,1.3742097580272303,1.831677991344932,4.291625595900679,4.2846661592546,0.03877648353875609,2.324393150945945,0.016682411718075944,2.380032193580204,0.024105824054463803,0.4302198187053838,0.4231313696684928,0.0567652114182699
bench,43.958888759557816,6.0971709071278415,1.4400163634263363,1.3742097580272303,1.831677991344932,4.267517307948535,4.2846661592546,0.03877648353875609,2.324393150945945,0.016682411718075944,2.380032193580204,0.024105824054463803,0.4302198187053838,0.4231313696684928,0.0567652114182699
bench,43.958888759557816,6.0971709071278415,1.4400163634263363,1.3742097580272303,1.831677991344932,4.338591596632032,4.2846661592546,0.03877648353875609,2.324393150945945,0.016682411718075944,2.380032193580204,0.024105824054463803,0.4302198187053838,0.4231313696684928,0.0567652114182699
bench,43.958888759557816,6.0971709071278415,1.4400163634263363,1.3742097580272303,1.831677991344932,4.239050793416162,4.2846661592546,0.03877648353875609,2.324393150945945,0.016682411718075944,2.380032193580204,0.024105824054463803,0.4302198187053838,0.4231313696684928,0.0567652114182699
bench,43.958888759557816,6.0971709071278415,1.4400163634263363,1.3742097580272303,1.831677991344932,4.226920815293305,4.2846661592546,0.03877648353875609,2.324393150945945,0.016682411718075944,2.380032193580204,0.024105824054463803,0.4302198187053838,0.4231313696684928,0.0567652114182699
bench,43.958888759557816,6.0971709071278415,1.4400163634263363,1.3742097580272303,1.831677991344932,4.257359998958045,4.2846661592546,0.03877648353875609,2.324393150945945,0.016682411718075944,2.380032193580204,0.024105824054463803,0.4302198187053838,0.4231313696684928,0.0567652114182699
bench,43.958888759557816,6.0971709071278415,1.4400163634263363,1.3742097580272303,1.831677991344932,4.33575287976172,4.2846661592546,0.03877648353875609,2.324393150945945,0.016682411718075944,2.380032193580204,0.024105824054463803,0.4302198187053838,0.4231313696684928,0.0567652114182699
bench,43.958888759557816,6.0971709071278415,1.4400163634263363,1.3742097580272303,1.831677991344932,4.294888325014728,4.2846661592546,0.03877648353875609,2.324393150945945,0.016682411718075944,2.380032193580204,0.024105824054463803,0.4302198187053838,0.4231313696684928,0.0567652114182699
bench,43.958888759557816,6.0971709071278415,1.4400163634263363,1.3742097580272303,1.831677991344932,4.271703832820281,4.2846661592546,0.03877648353875609,2.324393150945945,0.016682411718075944,2.380032193580204,0.024105824054463803,0.4302198187053838,0.4231313696684928,0.0567652114182699
bench,43.958888759557816,6.0971709071278415,1.4400163634263363,1.3742097580272303,1.831677991344932,4.295742528839476,4.2846661592546,0.03877648353875609,2.324393150945945,0.016682411718075944,2.380032193580204,0.024105824054463803,0.4302198187053838,0.4231313696684928,0.0567652114182699
bench,43.958888759557816,6.0971709071278415,1.4400163634263363,1.3742097580272303,1.831677991344932,4.282113632921827,4.2846661592546,0.03877648353875609,2.324393150945945,0.016682411718075944,2.380032193580204,0.024105824054463803,0.4302198187053838,0.4231313696684928,0.0567652114182699
bench,43.958888759557816,6.0971709071278415,1.4400163634263363,1.3742097580272303,1.831677991344932,4.363418066837555,4.2846661592546,0.03877648353875609,2.324393150945945,0.016682411718075944,2.380032193580204,0.024105824054463803,0.4302198187053838,0.4231313696684928,0.0567652114182699
bench,43.958888759557816,6.0971709071278415,1.4400163634263363,1.3742097580272303,1.831677991344932,4.231655705090296,4.2846661592546,0.03877648353875609,2.324393150945945,0.016682411718075944,2.380032193580204,0.024105824054463803,0.4302198187053838,0.4231313696684928,0.0567652114182699
bench,43.958888759557816,6.0971709071278415,1.4400163634263363,1.3742097580272303,1.831677991344932,4.262592213059456,4.2846661592546,0.03877648353875609,2.324393150945945,0.016682411718075944,2.380032193580204,0.024105824054463803,0.4302198187053838,0.4231313696684928,0.0567652114182699
bench,43.958888759557816,6.0971709071278415,1.4400163634263363,1.3742097580272303,1.831677991344932,4.322677802877453,4.2846661592546,0.03877648353875609,2.324393150945945,0.016682411718075944,2.380032193580204,0.024105824054463803,0.4302198187053838,0.4231313696684928,0.0567652114182699
bench,43.958888759557816,6.0971709071278415,1.4400163634263363,1.3742097580272303,1.831677991344932,4.272253688671704,4.2846661592546,0.03877648353875609,2.324393150945945,0.016682411718075944,2.380032193580204,0.024105824054463803,0.4302198187053838,0.4231313696684928,0.0567652114182699
bench,43.958888759557816,6.0971709071278415,1.4400163634263363,1.3742097580272303,1.831677991344932,4.283392717233299,4.2846661592546,0.03877648353875609,2.324393150945945,0.016682411718075944,2.380032193580204,0.024105824054463803,0.4302198187053838,0.4231313696684928,0.0567652114182699
bench,43.958888759557816,6.0971709071278415,1.4400163634263363,1.3742097580272303,1.831677991344932,4.2680384605849575,4.2846661592546,0.03877648353875609,2.324393150945945,0.016682411718075944,2.380032193580204,0.024105824054463803,0.4302198187053838,0.4231313696684928,0.0567652114182699
bench,43.958888759557816,6.0971709071278415,1.4400163634263363,1.3742097580272303,1.831677991344932,4.246082880499083,4.2846661592546,0.03877648353875609,2.324393150945945,0.016682411718075944,2.380032193580204,0.024105824054463803,0.4302198187053838,0.4231313696684928,0.0567652114182699
bench,37.60871580336107,3.275721842607868,1.9812303006809475,0.6637013606394155,0.6785517678283386,3.2833299598624444,3.3053727755608477,0.060359101481421075,2.4426795371342287,0.02471020064802887,2.380032193580204,0.024105824054463803,0.4093864892212623,0.4231313696684928,0.0567652114182699
bench,37.60871580336107,3.275721842607868,1.9812303006809475,0.6637013606394155,0.6785517678283386,3.2555378537573048,3.3053727755608477,0.060359101481421075,2.4426795371342287,0.02471020064802887,2.380032193580204,0.024105824054463803,0.4093864892212623,0.4231313696684928,0.0567652114182699
bench,37.60871580336107,3.275721842607868,1.9812303006809475,0.6637013606394155,0.6785517678283386,3.2696981352905623,3.3053727755608477,0.060359101481421075,2.4426795371342287,0.02471020064802887,2.380032193580204,0.024105824054463803,0.4093864892212623,0.4231313696684928,0.0567652114182699
bench,37.60871580336107,3.275721842607868,1.9812303006809475,0.6637013606394155,0.6785517678283386,3.4058499679797696,3.3053727755608477,0.060359101481421075,2.4426795371342287,0.02471020064802887,2.380032193580204,0.024105824054463803,0.4093864892212623,0.4231313696684928,0.0567652114182699
bench,37.60871580336107,3.275721842607868,1.9812303006809475,0.6637013606394155,0.6785517678283386,3.3201472795261604,3.3053727755608477,0.060359101481421075,2.4426795371342287,0.02471020064802887,2.380032193580204,0.024105824054463803,0.4093864892212623,0.4231313696684928,0.0567652114182699
bench,37.60871580336107,3.275721842607868,1.9812303006809475,0.6637013606394155,0.6785517678283386,3.297720670988032,3.3053727755608477,0.060359101481421075,2.4426795371342287,0.02471020064802887,2.380032193580204,0.024105824054463803,0.4093864892212623,0.4231313696684928,0.0567652114182699
bench,37.60871580336107,3.275721842607868,1.9812303006809475,0.6637013606394155,0.6785517678283386,3.3545673893022347,3.3053727755608477,0.060359101481421075,2.4426795371342287,0.02471020064802887,2.380032193580204,0.024105824054463803,0.4093864892212623,0.4231313696684928,0.0567652114182699
bench,37.60871580336107,3.275721842607868,1.9812303006809475,0.6637013606394155,0.6785517678283386,3.26622141381281,3.3053727755608477,0.060359101481421075,2.4426795371342287,0.02471020064802887,2.380032193580204,0.024105824054463803,0.4093864892212623,0.4231313696684928,0.0567652114182699
bench,37.60871580336107,3.275721842607868,1.9812303006809475,0.6637013606394155,0.6785517678283386,3.2756374093382923,3.3053727755608477,0.060359101481421075,2.4426795371342287,0.02471020064802887,2.380032193580204,0.024105824054463803,0.4093864892212623,0.4231313696684928,0.0567652114182699
bench,37.60871580336107,3.275721842607868,1.9812303006809475,0.6637013606394155,0.6785517678283386,3.326435601241158,3.3053727755608477,0.060359101481421075,2.4426795371342287,0.02471020064802887,2.380032193580204,0.024105824054463803,0.4093864892212623,0.4231313696684928,0.0567652114182699
bench,37.60871580336107,3.275721842607868,1.9812303006809475,0.6637013606394155,0.6785517678283386,3.3080547883963143,3.3053727755608477,0.060359101481421075,2.4426795371342287,0.02471020064802887,2.380032193580204,0.024105824054463803,0.4093864892212623,0.4231313696684928,0.0567652114182699
bench,37.60871580336107,3.275721842607868,1.9812303006809475,0.6637013606394155,0.6785517678283386,3.25863564753983,3.3053727755608477,0.060359101481421075,2.4426795371342287,0.02471020064802887,2.380032193580204,0.024105824054463803,0.4093864892212623,0.4231313696684928,0.0567652114182699
bench,37.60871580336107,3.275721842607868,1.9812303006809475,0.6637013606394155,0.6785517678283386,3.372719798352327,3.3053727755608477,0.060359101481421075,2.4426795371342287,0.02471020064802887,2.380032193580204,0.024105824054463803,0.4093864892212623,0.4231313696684928,0.0567652114182699
bench,37.60871580336107,3.275721842607868,1.9812303006809475,0.6637013606394155,0.6785517678283386,3.3301402939919384,3.3053727755608477,0.060359101481421075,2.4426795371342287,0.02471020064802887,2.380032193580204,0.024105824054463803,0.4093864892212623,0.4231313696684928,0.0567652114182699
bench,37.60871580336107,3.275721842607868,1.9812303006809475,0.6637013606394155,0.6785517678283386,3.138927906332024,3.3053727755608477,0.060359101481421075,2.4426795371342287,0.02471020064802887,2.380032193580204,0.024105824054463803,0.4093864892212623,0.4231313696684928,0.0567652114182699
bench,37.60871580336107,3.275721842607868,1.9812303006809475,0.6637013606394155,0.6785517678283386,3.2867570191246003,3.3053727755608477,0.060359101481421075,2.4426795371342287,0.02471020064802887,2.380032193580204,0.024105824054463803,0.4093864892212623,0.4231313696684928,0.0567652114182699
bench,37.60871580336107,3.275721842607868,1.9812303006809475,0.6637013606394155,0.6785517678283386,3.394869230924976,3.3053727755608477,0.060359101481421075,2.4426795371342287,0.02471020064802887,2.380032193580204,0.024105824054463803,0.4093864892212623,0.4231313696684928,0.0567652114182699
bench,37.60871580336107,3.275721842607868,1.9812303006809475,0.6637013606394155,0.6785517678283386,3.2912461870356924,3.3053727755608477,0.060359101481421075,2.4426795371342287,0.02471020064802887,2.380032193580204,0.024105824054463803,0.4093864892212623,0.4231313696684928,0.0567652114182699
bench,37.60871580336107,3.275721842607868,1.9812303006809475,0.6637013606394155,0.6785517678283386,3.291248337187032,3.3053727755608477,0.060359101481421075,2.4426795371342287,0.02471020064802887,2.380032193580204,0.024105824054463803,0.4093864892212623,0.4231313696684928,0.0567652114182699
bench,37.60871580336107,3.275721842607868,1.9812303006809475,0.6637013606394155,0.6785517678283386,3.3797106212334582,3.3053727755608477,0.060359101481421075,2.4426795371342287,0.02471020064802887,2.380032193580204,0.024105824054463803,0.4093864892212623,0.4231313696684928,0.0567652114182699
bench,48.703967150703576,3.466868022524859,1.094398042907085,0.3402742512489348,1.4650688579209097,3.867931940147355,3.8607008184864084,0.06060751912997532,2.3610883569932803,0.02566931430179756,2.380032193580204,0.024105824054463803,0.4235334933731351,0.4231313696684928,0.0567652114182699
bench,48.703967150703576,3.466868022524859,1.094398042907085,0.3402742512489348,1.4650688579209097,3.8594531709544624,3.8607008184864084,0.06060751912997532,2.3610883569932803,0.02566931430179756,2.380032193580204,0.024105824054463803,0.4235334933731351,0.4231313696684928,0.0567652114182699
bench,48.703967150703576,3.466868022524859,1.094398042907085,0.3402742512489348,1.4650688579209097,3.8665308858942673,3.8607008184864084,0.06060751912997532,2.3610883569932803,0.02566931430179756,2.380032193580204,0.024105824054463803,0.4235334933731351,0.4231313696684928,0.0567652114182699
bench,48.703967150703576,3.466868022524859,1.094398042907085,0.3402742512489348,1.4650688579209097,3.8188392910845215,3.8607008184864084,0.06060751912997532,2.3610883569932803,0.02566931430179756,2.380032193580204,0.024105824054463803,0.4235334933731351,0.4231313696684928,0.0567652114182699
bench,48.703967150703576,3.466868022524859,1.094398042907085,0.3402742512489348,1.4650688579209097,3.974653351615791,3.8607008184864084,0.06060751912997532,2.3610883569932803,0.02566931430179756,2.380032193580204,0.024105824054463803,0.4235334933731351,0.4231313696684928,0.0567652114182699
bench,48.703967150703576,3.466868022524859,1.094398042907085,0.3402742512489348,1.4650688579209097,3.806049234405978,3.8607008184864084,0.06060751912997532,2.3610883569932803,0.02566931430179756,2.380032193580204,0.024105824054463803,0.4235334933731351,0.4231313696684928,0.0567652114182699
bench,48.703967150703576,3.466868022524859,1.094398042907085,0.3402742512489348,1.4650688579209097,3.902224763098658,3.8607008184864084,0.06060751912997532,2.3610883569932803,0.02566931430179756,2.380032193580204,0.024105824054463803,0.4235334933731351,0.4231313696684928,0.0567652114182699
bench,48.703967150703576,3.466868022524859,1.094398042907085,0.3402742512489348,1.4650688579209097,3.8959622531020375,3.8607008184864084,0.06060751912997532,2.3610883569932803,0.02566931430179756,2.380032193580204,0.024105824054463803,0.4235334933731351,0.4231313696684928,0.0567652114182699
bench,48.703967150703576,3.466868022524859,1.094398042907085,0.3402742512489348,1.4650688579209097,3.8960800187334255,3.8607008184864084,0.06060751912997532,2.3610883569932803,0.02566931430179756,2.380032193580204,0.024105824054463803,0.4235334933731351,0.4231313696684928,0.0567652114182699
bench,48.703967150703576,3.466868022524859,1.094398042907085,0.3402742512489348,1.4650688579209097,3.9324680270281376,3.8607008184864084,0.06060751912997532,2.3610883569932803,0.02566931430179756,2.380032193580204,0.024105824054463803,0.4235334933731351,0.4231313696684928,0.0567652114182699
bench,48.703967150703576,3.466868022524859,1.094398042907085,0.3402742512489348,1.4650688579209097,3.884110588415072,3.8607008184864084,0.06060751912997532,2.3610883569932803,0.02566931430179756,2.380032193580204,0.024105824054463803,0.4235334933731351,0.4231313696684928,0.0567652114182699
bench,48.703967150703576,3.466868022524859,1.094398042907085,0.3402742512489348,1.4650688579209097,3.96583864595631,3.8607008184864084,0.06060751912997532,2.3610883569932803,0.02566931430179756,2.380032193580204,0.024105824054463803,0.4235334933731351,0.4231313696684928,0.0567652114182699
bench,48.703967150703576,3.466868022524859,1.094398042907085,0.3402742512489348,1.4650688579209097,3.795154488581116,3.8607008184864084,0.06060751912997532,2.3610883569932803,0.02566931430179756,2.380032193580204,0.024105824054463803,0.4235334933731351,0.4231313696684928,0.0567652114182699
bench,48.703967150703576,3.466868022524859,1.094398042907085,0.3402742512489348,1.4650688579209097,3.820253097789312,3.8607008184864084,0.06060751912997532,2.3610883569932803,0.02566931430179756,2.380032193580204,0.024105824054463803,0.4235334933731351,0.4231313696684928,0.0567652114182699
bench,48.703967150703576,3.466868022524859,1.094398042907085,0.3402742512489348,1.4650688579209097,3.8165992302143006,3.8607008184864084,0.06060751912997532,2.3610883569932803,0.02566931430179756,2.380032193580204,0.024105824054463803,0.4235334933731351,0.4231313696684928,0.0567652114182699
bench,48.703967150703576,3.466868022524859,1.094398042907085,0.3402742512489348,1.4650688579209097,3.868365147795684,3.8607008184864084,0.06060751912997532,2.3610883569932803,0.02566931430179756,2.380032193580204,0.024105824054463803,0.4235334933731351,0.4231313696684928,0.0567652114182699
bench,48.703967150703576,3.466868022524859,1.094398042907085,0.3402742512489348,1.4650688579209097,3.7446875622058178,3.8607008184864084,0.06060751912997532,2.3610883569932803,0.02566931430179756,2.380032193580204,0.024105824054463803,0.4235334933731351,0.4231313696684928,0.0567652114182699
bench,48.703967150703576,3.466868022524859,1.094398042907085,0.3402742512489348,1.4650688579209097,3.895521729746416,3.8607008184864084,0.06060751912997532,2.3610883569932803,0.02566931430179756,2.380032193580204,0.024105824054463803,0.4235334933731351,0.4231313696684928,0.0567652114182699
bench,48.703967150703576,3.466868022524859,1.094398042907085,0.3402742512489348,1.4650688579209097,3.8283458731375855,3.8607008184864084,0.06060751912997532,2.3610883569932803,0.02566931430179756,2.380032193580204,0.024105824054463803,0.4235334933731351,0.4231313696684928,0.0567652114182699
bench,48.703967150703576,3.466868022524859,1.094398042907085,0.3402742512489348,1.4650688579209097,3.77494706982193,3.8607008184864084,0.06060751912997532,2.3610883569932803,0.02566931430179756,2.380032193580204,0.024105824054463803,0.4235334933731351,0.4231313696684928,0.0567652114182699
bench,57.40281894591387,3.8800940326438527,1.8688155226632008,0.5833473937646405,1.2960230928946288,3.792232196123516,3.7969107092032557,0.05806132595935693,2.401031388090244,0.024181827129523003,2.380032193580204,0.024105824054463803,0.41648768315161006,0.4231313696684928,0.0567652114182699
bench,57.40281894591387,3.8800940326438527,1.8688155226632008,0.5833473937646405,1.2960230928946288,3.8642949818225727,3.7969107092032557,0.05806132595935693,2.401031388090244,0.024181827129523003,2.380032193580204,0.024105824054463803,0.41648768315161006,0.4231313696684928,0.0567652114182699
bench,57.40281894591387,3.8800940326438527,1.8688155226632008,0.5833473937646405,1.2960230928946288,3.839381280123497,3.7969107092032557,0.05806132595935693,2.401031388090244,0.024181827129523003,2.380032193580204,0.024105824054463803,0.41648768315161006,0.4231313696684928,0.0567652114182699
bench,57.40281894591387,3.8800940326438527,1.8688155226632008,0.5833473937646405,1.2960230928946288,3.761520624255602,3.7969107092032557,0.05806132595935693,2.401031388090244,0.024181827129523003,2.380032193580204,0.024105824054463803,0.41648768315161006,0.4231313696684928,0.0567652114182699
bench,57.40281894591387,3.8800940326438527,1.8688155226632008,0.5833473937646405,1.2960230928946288,3.870065629400084,3.7969107092032557,0.05806132595935693,2.401031388090244,0.024181827129523003,2.380032193580204,0.024105824054463803,0.41648768315161006,0.4231313696684928,0.0567652114182699
bench,57.40281894591387,3.8800940326438527,1.8688155226632008,0.5833473937646405,1.2960230928946288,3.80600615143596,3.7969107092032557,0.05806132595935693,2.401031388090244,0.024181827129523003,2.380032193580204,0.024105824054463803,0.41648768315161006,0.4231313696684928,0.0567652114182699
bench,57.40281894591387,3.8800940326438527,1.8688155226632008,0.5833473937646405,1.2960230928946288,3.8646667806692494,3.7969107092032557,0.05806132595935693,2.401031388090244,0.024181827129523003,2.380032193580204,0.024105824054463803,0.41648768315161006,0.4231313696684928,0.0567652114182699
bench,57.40281894591387,3.8800940326438527,1.8688155226632008,0.5833473937646405,1.2960230928946288,3.724785082502364,3.7969107092032557,0.05806132595935693,2.401031388090244,0.024181827129523003,2.380032193580204,0.024105824054463803,0.41648768315161006,0.4231313696684928,0.0567652114182699
bench,57.40281894591387,3.8800940326438527,1.8688155226632008,0.5833473937646405,1.2960230928946288,3.731861350208983,3.7969107092032557,0.05806132595935693,2.401031388090244,0.024181827129523003,2.380032193580204,0.024105824054463803,0.41648768315161006,0.4231313696684928,0.0567652114182699
bench,57.40281894591387,3.8800940326438527,1.8688155226632008,0.5833473937646405,1.2960230928946288,3.8379201149438313,3.7969107092032557,0.05806132595935693,2.401031388090244,0.024181827129523003,2.380032193580204,0.024105824054463803,0.41648768315161006,0.4231313696684928,0.0567652114182699
bench,57.40281894591387,3.8800940326438527,1.8688155226632008,0.5833473937646405,1.2960230928946288,3.8439787148099183,3.7969107092032557,0.05806132595935693,2.401031388090244,0.024181827129523003,2.380032193580204,0.024105824054463803,0.41648768315161006,0.4231313696684928,0.0567652114182699
bench,57.40281894591387,3.8800940326438527,1.8688155226632008,0.5833473937646405,1.2960230928946288,3.851281339836112,3.7969107092032557,0.05806132595935693,2.401031388090244,0.024181827129523003,2.380032193580204,0.024105824054463803,0.41648768315161006,0.4231313696684928,0.0567652114182699
bench,57.40281894591387,3.8800940326438527,1.8688155226632008,0.5833473937646405,1.2960230928946288,3.764513611824001,3.7969107092032557,0.05806132595935693,2.401031388090244,0.024181827129523003,2.380032193580204,0.024105824054463803,0.41648768315161006,0.4231313696684928,0.0567652114182699
bench,57.40281894591387,3.8800940326438527,1.8688155226632008,0.5833473937646405,1.2960230928946288,3.680701944855519,3.7969107092032557,0.05806132595935693,2.401031388090244,0.024181827129523003,2.380032193580204,0.024105824054463803,0.41648768315161006,0.4231313696684928,0.0567652114182699
bench,57.40281894591387,3.8800940326438527,1.8688155226632008,0.5833473937646405,1.2960230928946288,3.739245652429259,3.7969107092032557,0.05806132595935693,2.401031388090244,0.024181827129523003,2.380032193580204,0.024105824054463803,0.41648768315161006,0.4231313696684928,0.0567652114182699
bench,57.40281894591387,3.8800940326438527,1.8688155226632008,0.5833473937646405,1.2960230928946288,3.760697884118662,3.7969107092032557,0.05806132595935693,2.401031388090244,0.024181827129523003,2.380032193580204,0.024105824054463803,0.41648768315161006,0.4231313696684928,0.0567652114182699
bench,57.40281894591387,3.8800940326438527,1.8688155226632008,0.5833473937646405,1.2960230928946288,3.7868619083611024,3.7969107092032557,0.05806132595935693,2.401031388090244,0.024181827129523003,2.380032193580204,0.024105824054463803,0.41648768315161006,0.4231313696684928,0.0567652114182699
bench,57.40281894591387,3.8800940326438527,1.8688155226632008,0.5833473937646405,1.2960230928946288,3.730873031962091,3.7969107092032557,0.05806132595935693,2.401031388090244,0.024181827129523003,2.380032193580204,0.024105824054463803,0.41648768315161006,0.4231313696684928,0.0567652114182699
bench,57.40281894591387,3.8800940326438527,1.8688155226632008,0.5833473937646405,1.2960230928946288,3.811288502702863,3.7969107092032557,0.05806132595935693,2.401031388090244,0.024181827129523003,2.380032193580204,0.024105824054463803,0.41648768315161006,0.4231313696684928,0.0567652114182699
bench,57.40281894591387,3.8800940326438527,1.8688155226632008,0.5833473937646405,1.2960230928946288,3.87603740167992,3.7969107092032557,0.05806132595935693,2.401031388090244,0.024181827129523003,2.380032193580204,0.024105824054463803,0.41648768315161006,0.4231313696684928,0.0567652114182699
bench,22.30666703293128,7.337838378433006,0.8233756110966223,0.9297120057177356,0.8987876356220557,3.569789900838304,3.38450691009591,0.08444085917651792,2.4401517382874385,0.03460475750404796,2.380032193580204,0.024105824054463803,0.4098105803460509,0.4231313696684928,0.0567652114182699
bench,22.30666703293128,7.337838378433006,0.8233756110966223,0.9297120057177356,0.8987876356220557,3.3205826529108244,3.38450691009591,0.08444085917651792,2.4401517382874385,0.03460475750404796,2.380032193580204,0.024105824054463803,0.4098105803460509,0.4231313696684928,0.0567652114182699
bench,22.30666703293128,7.337838378433006,0.8233756110966223,0.9297120057177356,0.8987876356220557,3.4465788167319253,3.38450691009591,0.08444085917651792,2.4401517382874385,0.03460475750404796,2.380032193580204,0.024105824054463803,0.4098105803460509,0.4231313696684928,0.0567652114182699
bench,22.30666703293128,7.337838378433006,0.8233756110966223,0.9297120057177356,0.8987876356220557,3.381667462177321,3.38450691009591,0.08444085917651792,2.4401517382874385,0.03460475750404796,2.380032193580204,0.024105824054463803,0.4098105803460509,0.4231313696684928,0.0567652114182699
bench,22.30666703293128,7.337838378433006,0.8233756110966223,0.9297120057177356,0.8987876356220557,3.4740898220787586,3.38450691009591,0.08444085917651792,2.4401517382874385,0.03460475750404796,2.380032193580204,0.024105824054463803,0.4098105803460509,0.4231313696684928,0.0567652114182699
bench,22.30666703293128,7.337838378433006,0.8233756110966223,0.9297120057177356,0.8987876356220557,3.2939710892144185,3.38450691009591,0.08444085917651792,2.4401517382874385,0.03460475750404796,2.380032193580204,0.024105824054463803,0.4098105803460509,0.4231313696684928,0.0567652114182699
bench,22.30666703293128,7.337838378433006,0.8233756110966223,0.9297120057177356,0.8987876356220557,3.360473941362688,3.38450691009591,0.08444085917651792,2.4401517382874385,0.03460475750404796,2.380032193580204,0.024105824054463803,0.4098105803460509,0.4231313696684928,0.0567652114182699
bench,22.30666703293128,7.337838378433006,0.8233756110966223,0.9297120057177356,0.8987876356220557,3.371976525649057,3.38450691009591,0.08444085917651792,2.4401517382874385,0.03460475750404796,2.380032193580204,0.024105824054463803,0.4098105803460509,0.4231313696684928,0.0567652114182699
bench,22.30666703293128,7.337838378433006,0.8233756110966223,0.9297120057177356,0.8987876356220557,3.359161294178278,3.38450691009591,0.08444085917651792,2.4401517382874385,0.03460475750404796,2.380032193580204,0.024105824054463803,0.4098105803460509,0.4231313696684928,0.0567652114182699
bench,22.30666703293128,7.337838378433006,0.8233756110966223,0.9297120057177356,0.8987876356220557,3.419353969025744,3.38450691009591,0.08444085917651792,2.4401517382874385,0.03460475750404796,2.380032193580204,0.024105824054463803,0.4098105803460509,0.4231313696684928,0.0567652114182699
bench,22.30666703293128,7.337838378433006,0.8233756110966223,0.9297120057177356,0.8987876356220557,3.3327253158844727,3.38450691009591,0.08444085917651792,2.4401517382874385,0.03460475750404796,2.380032193580204,0.024105824054463803,0.4098105803460509,0.4231313696684928,0.0567652114182699
bench,22.30666703293128,7.337838378433006,0.8233756110966223,0.9297120057177356,0.8987876356220557,3.516189344845805,3.38450691009591,0.08444085917651792,2.4401517382874385,0.03460475750404796,2.380032193580204,0.024105824054463803,0.4098105803460509,0.4231313696684928,0.0567652114182699
bench,22.30666703293128,7.337838378433006,0.8233756110966223,0.9297120057177356,0.8987876356220557,3.372324986842327,3.38450691009591,0.08444085917651792,2.4401517382874385,0.03460475750404796,2.380032193580204,0.024105824054463803,0.4098105803460509,0.4231313696684928,0.0567652114182699
bench,22.30666703293128,7.337838378433006,0.8233756110966223,0.9297120057177356,0.8987876356220557,3.225907188036122,3.38450691009591,0.08444085917651792,2.4401517382874385,0.03460475750404796,2.380032193580204,0.024105824054463803,0.4098105803460509,0.4231313696684928,0.0567652114182699
bench,22.30666703293128,7.337838378433006,0.8233756110966223,0.9297120057177356,0.8987876356220557,3.318111047567748,3.38450691009591,0.08444085917651792,2.4401517382874385,0.03460475750404796,2.380032193580204,0.024105824054463803,0.4098105803460509,0.4231313696684928,0.0567652114182699
bench,22.30666703293128,7.337838378433006,0.8233756110966223,0.9297120057177356,0.8987876356220557,3.286287040873307,3.38450691009591,0.08444085917651792,2.4401517382874385,0.03460475750404796,2.380032193580204,0.024105824054463803,0.4098105803460509,0.4231313696684928,0.0567652114182699
bench,22.30666703293128,7.337838378433006,0.8233756110966223,0.9297120057177356,0.8987876356220557,3.4706685395974115,3.38450691009591,0.08444085917651792,2.4401517382874385,0.03460475750404796,2.380032193580204,0.024105824054463803,0.4098105803460509,0.4231313696684928,0.0567652114182699
bench,22.30666703293128,7.337838378433006,0.8233756110966223,0.9297120057177356,0.8987876356220557,3.4313027948541626,3.38450691009591,0.08444085917651792,2.4401517382874385,0.03460475750404796,2.380032193580204,0.024105824054463803,0.4098105803460509,0.4231313696684928,0.0567652114182699
bench,22.30666703293128,7.337838378433006,0.8233756110966223,0.9297120057177356,0.8987876356220557,3.4191896686849,3.38450691009591,0.08444085917651792,2.4401517382874385,0.03460475750404796,2.380032193580204,0.024105824054463803,0.4098105803460509,0.4231313696684928,0.0567652114182699
bench,22.30666703293128,7.337838378433006,0.8233756110966223,0.9297120057177356,0.8987876356220557,3.319786800564632,3.38450691009591,0.08444085917651792,2.4401517382874385,0.03460475750404796,2.380032193580204,0.024105824054463803,0.4098105803460509,0.4231313696684928,0.0567652114182699
bench,33.61558816494481,4.958274512255484,0.0140481445764947,1.8796513395270469,0.2690255203463936,1.8816219231785567,1.8444056329437004,0.04769640687587734,2.150657594734318,0.022177592096788202,2.380032193580204,0.024105824054463803,0.46497406302537675,0.4231313696684928,0.0567652114182699
bench,33.61558816494481,4.958274512255484,0.0140481445764947,1.8796513395270469,0.2690255203463936,1.8362752348900149,1.8444056329437004,0.04769640687587734,2.150657594734318,0.022177592096788202,2.380032193580204,0.024105824054463803,0.46497406302537675,0.4231313696684928,0.0567652114182699
bench,33.61558816494481,4.958274512255484,0.0140481445764947,1.8796513395270469,0.2690255203463936,1.9229834621456208,1.8444056329437004,0.04769640687587734,2.150657594734318,0.022177592096788202,2.380032193580204,0.024105824054463803,0.46497406302537675,0.4231313696684928,0.0567652114182699
bench,33.61558816494481,4.958274512255484,0.0140481445764947,1.8796513395270469,0.2690255203463936,1.9446391795205848,1.8444056329437004,0.04769640687587734,2.150657594734318,0.022177592096788202,2.380032193580204,0.024105824054463803,0.46497406302537675,0.4231313696684928,0.0567652114182699
bench,33.61558816494481,4.958274512255484,0.0140481445764947,1.8796513395270469,0.2690255203463936,1.836742001821088,1.8444056329437004,0.04769640687587734,2.150657594734318,0.022177592096788202,2.380032193580204,0.024105824054463803,0.46497406302537675,0.4231313696684928,0.0567652114182699
bench,33.61558816494481,4.958274512255484,0.0140481445764947,1.8796513395270469,0.2690255203463936,1.8535046900708376,1.8444056329437004,0.04769640687587734,2.150657594734318,0.022177592096788202,2.380032193580204,0.024105824054463803,0.46497406302537675,0.4231313696684928,0.0567652114182699
bench,33.61558816494481,4.958274512255484,0.0140481445764947,1.8796513395270469,0.2690255203463936,1.8991852254351969,1.8444056329437004,0.04769640687587734,2.150657594734318,0.022177592096788202,2.380032193580204,0.024105824054463803,0.46497406302537675,0.4231313696684928,0.0567652114182699
bench,33.61558816494481,4.958274512255484,0.0140481445764947,1.8796513395270469,0.2690255203463936,1.9023118560158008,1.8444056329437004,0.04769640687587734,2.150657594734318,0.022177592096788202,2.380032193580204,0.024105824054463803,0.46497406302537675,0.4231313696684928,0.0567652114182699
bench,33.61558816494481,4.958274512255484,0.0140481445764947,1.8796513395270469,0.2690255203463936,1.826552665025132,1.8444056329437004,0.04769640687587734,2.150657594734318,0.022177592096788202,2.380032193580204,0.024105824054463803,0.46497406302537675,0.4231313696684928,0.0567652114182699
bench,33.61558816494481,4.958274512255484,0.0140481445764947,1.8796513395270469,0.2690255203463936,1.8174775754558523,1.8444056329437004,0.04769640687587734,2.150657594734318,0.022177592096788202,2.380032193580204,0.024105824054463803,0.46497406302537675,0.4231313696684928,0.0567652114182699
bench,33.61558816494481,4.958274512255484,0.0140481445764947,1.8796513395270469,0.2690255203463936,1.8082134478742788,1.8444056329437004,0.04769640687587734,2.150657594734318,0.022177592096788202,2.380032193580204,0.024105824054463803,0.46497406302537675,0.4231313696684928,0.0567652114182699
bench,33.61558816494481,4.958274512255484,0.0140481445764947,1.8796513395270469,0.2690255203463936,1.7968999995307038,1.8444056329437004,0.04769640687587734,2.150657594734318,0.022177592096788202,2.380032193580204,0.024105824054463803,0.46497406302537675,0.4231313696684928,0.0567652114182699
bench,33.61558816494481,4.958274512255484,0.0140481445764947,1.8796513395270469,0.2690255203463936,1.9065179065212647,1.8444056329437004,0.04769640687587734,2.150657594734318,0.022177592096788202,2.380032193580204,0.024105824054463803,0.46497406302537675,0.4231313696684928,0.0567652114182699
bench,33.61558816494481,4.958274512255484,0.0140481445764947,1.8796513395270469,0.2690255203463936,1.8202621255217315,1.8444056329437004,0.04769640687587734,2.150657594734318,0.022177592096788202,2.380032193580204,0.024105824054463803,0.46497406302537675,0.4231313696684928,0.0567652114182699
bench,33.61558816494481,4.958274512255484,0.0140481445764947,1.8796513395270469,0.2690255203463936,1.7853987522190595,1.8444056329437004,0.04769640687587734,2.150657594734318,0.022177592096788202,2.380032193580204,0.024105824054463803,0.46497406302537675,0.4231313696684928,0.0567652114182699
bench,33.61558816494481,4.958274512255484,0.0140481445764947,1.8796513395270469,0.2690255203463936,1.8257504078722584,1.8444056329437004,0.04769640687587734,2.150657594734318,0.022177592096788202,2.380032193580204,0.024105824054463803,0.46497406302537675,0.4231313696684928,0.0567652114182699
bench,33.61558816494481,4.958274512255484,0.0140481445764947,1.8796513395270469,0.2690255203463936,1.797925853956063,1.8444056329437004,0.04769640687587734,2.150657594734318,0.022177592096788202,2.380032193580204,0.024105824054463803,0.46497406302537675,0.4231313696684928,0.0567652114182699
bench,33.61558816494481,4.958274512255484,0.0140481445764947,1.8796513395270469,0.2690255203463936,1.815301464036524,1.8444056329437004,0.04769640687587734,2.150657594734318,0.022177592096788202,2.380032193580204,0.024105824054463803,0.46497406302537675,0.4231313696684928,0.0567652114182699
bench,33.61558816494481,4.958274512255484,0.0140481445764947,1.8796513395270469,0.2690255203463936,1.7980273545184469,1.8444056329437004,0.04769640687587734,2.150657594734318,0.022177592096788202,2.380032193580204,0.024105824054463803,0.46497406302537675,0.4231313696684928,0.0567652114182699
bench,33.61558816494481,4.958274512255484,0.0140481445764947,1.8796513395270469,0.2690255203463936,1.8125215332649915,1.8444056329437004,0.04769640687587734,2.150657594734318,0.022177592096788202,2.380032193580204,0.024105824054463803,0.46497406302537675,0.4231313696684928,0.0567652114182699
bench,44.35181534732877,7.991255296914801,1.6527404595545132,1.908493788123048,1.6019225548607765,4.018335267227656,4.04336429099377,0.06984889122882189,2.3496510957776744,0.02972734605335253,2.380032193580204,0.024105824054463803,0.42559510294826375,0.4231313696684928,0.0567652114182699
bench,44.35181534732877,7.991255296914801,1.6527404595545132,1.908493788123048,1.6019225548607765,3.9176418833989386,4.04336429099377,0.06984889122882189,2.3496510957776744,0.02972734605335253,2.380032193580204,0.024105824054463803,0.42559510294826375,0.4231313696684928,0.0567652114182699
bench,44.35181534732877,7.991255296914801,1.6527404595545132,1.908493788123048,1.6019225548607765,4.017885767837931,4.04336429099377,0.06984889122882189,2.3496510957776744,0.02972734605335253,2.380032193580204,0.024105824054463803,0.42559510294826375,0.4231313696684928,0.0567652114182699
bench,44.35181534732877,7.991255296914801,1.6527404595545132,1.908493788123048,1.6019225548607765,4.082388124011281,4.04336429099377,0.06984889122882189,2.3496510957776744,0.02972734605335253,2.380032193580204,0.024105824054463803,0.42559510294826375,0.4231313696684928,0.0567652114182699
bench,44.35181534732877,7.991255296914801,1.6527404595545132,1.908493788123048,1.6019225548607765,4.037683681973849,4.04336429099377,0.06984889122882189,2.3496510957776744,0.02972734605335253,2.380032193580204,0.024105824054463803,0.42559510294826375,0.4231313696684928,0.0567652114182699
bench,44.35181534732877,7.991255296914801,1.6527404595545132,1.908493788123048,1.6019225548607765,4.089760456828435,4.04336429099377,0.06984889122882189,2.3496510957776744,0.02972734605335253,2.380032193580204,0.024105824054463803,0.42559510294826375,0.4231313696684928,0.0567652114182699
bench,44.35181534732877,7.991255296914801,1.6527404595545132,1.908493788123048,1.6019225548607765,4.097250221388042,4.04336429099377,0.06984889122882189,2.3496510957776744,0.02972734605335253,2.380032193580204,0.024105824054463803,0.42559510294826375,0.4231313696684928,0.0567652114182699
bench,44.35181534732877,7.991255296914801,1.6527404595545132,1.908493788123048,1.6019225548607765,3.9419127076384015,4.04336429099377,0.06984889122882189,2.3496510957776744,0.02972734605335253,2.380032193580204,0.024105824054463803,0.42559510294826375,0.4231313696684928,0.0567652114182699
bench,44.35181534732877,7.991255296914801,1.6527404595545132,1.908493788123048,1.6019225548607765,4.079648573956286,4.04336429099377,0.06984889122882189,2.3496510957776744,0.02972734605335253,2.380032193580204,0.024105824054463803,0.42559510294826375,0.4231313696684928,0.0567652114182699
bench,44.35181534732877,7.991255296914801,1.6527404595545132,1.908493788123048,1.6019225548607765,4.1027059418510285,4.04336429099377,0.06984889122882189,2.3496510957776744,0.02972734605335253,2.380032193580204,0.024105824054463803,0.42559510294826375,0.4231313696684928,0.0567652114182699
bench,44.35181534732877,7.991255296914801,1.6527404595545132,1.908493788123048,1.6019225548607765,4.038680653827553,4.04336429099377,0.06984889122882189,2.3496510957776744,0.02972734605335253,2.380032193580204,0.024105824054463803,0.42559510294826375,0.4231313696684928,0.0567652114182699
bench,44.35181534732877,7.991255296914801,1.6527404595545132,1.908493788123048,1.6019225548607765,4.050639622856583,4.04336429099377,0.06984889122882189,2.3496510957776744,0.02972734605335253,2.380032193580204,0.024105824054463803,0.42559510294826375,0.4231313696684928,0.0567652114182699
bench,44.35181534732877,7.991255296914801,1.6527404595545132,1.908493788123048,1.6019225548607765,4.027134295816023,4.04336429099377,0.06984889122882189,2.3496510957776744,0.02972734605335253,2.380032193580204,0.024105824054463803,0.42559510294826375,0.4231313696684928,0.0567652114182699
bench,44.35181534732877,7.991255296914801,1.6527404595545132,1.908493788123048,1.6019225548607765,4.083360913819618,4.04336429099377,0.06984889122882189,2.3496510957776744,0.02972734605335253,2.380032193580204,0.024105824054463803,0.42559510294826375,0.4231313696684928,0.0567652114182699
bench,44.35181534732877,7.991255296914801,1.6527404595545132,1.908493788123048,1.6019225548607765,4.140465269186983,4.04336429099377,0.06984889122882189,2.3496510957776744,0.02972734605335253,2.380032193580204,0.024105824054463803,0.42559510294826375,0.4231313696684928,0.0567652114182699
bench,44.35181534732877,7.991255296914801,1.6527404595545132,1.908493788123048,1.6019225548607765,4.109795590406737,4.04336429099377,0.06984889122882189,2.3496510957776744,0.02972734605335253,2.380032193580204,0.024105824054463803,0.42559510294826375,0.4231313696684928,0.0567652114182699
bench,44.35181534732877,7.991255296914801,1.6527404595545132,1.908493788123048,1.6019225548607765,3.9954125273042727,4.04336429099377,0.06984889122882189,2.3496510957776744,0.02972734605335253,2.380032193580204,0.024105824054463803,0.42559510294826375,0.4231313696684928,0.0567652114182699
bench,44.35181534732877,7.991255296914801,1.6527404595545132,1.908493788123048,1.6019225548607765,4.095950548171985,4.04336429099377,0.06984889122882189,2.3496510957776744,0.02972734605335253,2.380032193580204,0.024105824054463803,0.42559510294826375,0.4231313696684928,0.0567652114182699
bench,44.35181534732877,7.991255296914801,1.6527404595545132,1.908493788123048,1.6019225548607765,3.864584528929384,4.04336429099377,0.06984889122882189,2.3496510957776744,0.02972734605335253,2.380032193580204,0.024105824054463803,0.42559510294826375,0.4231313696684928,0.0567652114182699
bench,44.35181534732877,7.991255296914801,1.6527404595545132,1.908493788123048,1.6019225548607765,4.076049243444417,4.04336429099377,0.06984889122882189,2.3496510957776744,0.02972734605335253,2.380032193580204,0.024105824054463803,0.42559510294826375,0.4231313696684928,0.0567652114182699
bench,51.52412017245634,9.22655091239048,0.368505843195887,1.5853897904650591,1.083663165797044,3.5131543135382866,3.4329839655912373,0.04565933839929635,2.453547363379078,0.018609519865315883,2.380032193580204,0.024105824054463803,0.40757313876459217,0.4231313696684928,0.0567652114182699
bench,51.52412017245634,9.22655091239048,0.368505843195887,1.5853897904650591,1.083663165797044,3.4543712287855053,3.4329839655912373,0.04565933839929635,2.453547363379078,0.018609519865315883,2.380032193580204,0.024105824054463803,0.40757313876459217,0.4231313696684928,0.0567652114182699
bench,51.52412017245634,9.22655091239048,0.368505843195887,1.5853897904650591,1.083663165797044,3.385491436442164,3.4329839655912373,0.04565933839929635,2.453547363379078,0.018609519865315883,2.380032193580204,0.024105824054463803,0.40757313876459217,0.4231313696684928,0.0567652114182699
bench,51.52412017245634,9.22655091239048,0.368505843195887,1.5853897904650591,1.083663165797044,3.4654438738368363,3.4329839655912373,0.04565933839929635,2.453547363379078,0.018609519865315883,2.380032193580204,0.024105824054463803,0.40757313876459217,0.4231313696684928,0.0567652114182699
bench,51.52412017245634,9.22655091239048,0.368505843195887,1.5853897904650591,1.083663165797044,3.3846359856996946,3.4329839655912373,0.04565933839929635,2.453547363379078,0.018609519865315883,2.380032193580204,0.024105824054463803,0.40757313876459217,0.4231313696684928,0.0567652114182699
bench,51.52412017245634,9.22655091239048,0.368505843195887,1.5853897904650591,1.083663165797044,3.4642192485419137,3.4329839655912373,0.04565933839929635,2.453547363379078,0.018609519865315883,2.380032193580204,0.024105824054463803,0.40757313876459217,0.4231313696684928,0.0567652114182699
bench,51.52412017245634,9.22655091239048,0.368505843195887,1.5853897904650591,1.083663165797044,3.3488709348521586,3.4329839655912373,0.04565933839929635,2.453547363379078,0.018609519865315883,2.380032193580204,0.024105824054463803,0.40757313876459217,0.4231313696684928,0.0567652114182699
bench,51.52412017245634,9.22655091239048,0.368505843195887,1.5853897904650591,1.083663165797044,3.394237695921136,3.4329839655912373,0.04565933839929635,2.453547363379078,0.018609519865315883,2.380032193580204,0.024105824054463803,0.40757313876459217,0.4231313696684928,0.0567652114182699
bench,51.52412017245634,9.22655091239048,0.368505843195887,1.5853897904650591,1.083663165797044,3.476688354417107,3.4329839655912373,0.04565933839929635,2.453547363379078,0.018609519865315883,2.380032193580204,0.024105824054463803,0.40757313876459217,0.4231313696684928,0.0567652114182699
bench,51.52412017245634,9.22655091239048,0.368505843195887,1.5853897904650591,1.083663165797044,3.468239943185556,3.4329839655912373,0.04565933839929635,2.453547363379078,0.018609519865315883,2.380032193580204,0.024105824054463803,0.40757313876459217,0.4231313696684928,0.0567652114182699
bench,51.52412017245634,9.22655091239048,0.368505843195887,1.5853897904650591,1.083663165797044,3.4988877556473823,3.4329839655912373,0.04565933839929635,2.453547363379078,0.018609519865315883,2.380032193580204,0.024105824054463803,0.40757313876459217,0.4231313696684928,0.0567652114182699
bench,51.52412017245634,9.22655091239048,0.368505843195887,1.5853897904650591,1.083663165797044,3.415462543442084,3.4329839655912373,0.04565933839929635,2.453547363379078,0.018609519865315883,2.380032193580204,0.024105824054463803,0.40757313876459217,0.4231313696684928,0.0567652114182699
bench,51.52412017245634,9.22655091239048,0.368505843195887,1.5853897904650591,1.083663165797044,3.44462122642766,3.4329839655912373,0.04565933839929635,2.453547363379078,0.018609519865315883,2.380032193580204,0.024105824054463803,0.40757313876459217,0.4231313696684928,0.0567652114182699
bench,51.52412017245634,9.22655091239048,0.368505843195887,1.5853897904650591,1.083663165797044,3.360935207902976,3.4329839655912373,0.04565933839929635,2.453547363379078,0.018609519865315883,2.380032193580204,0.024105824054463803,0.40757313876459217,0.4231313696684928,0.0567652114182699
bench,51.52412017245634,9.22655091239048,0.368505843195887,1.5853897904650591,1.083663165797044,3.438865788134998,3.4329839655912373,0.04565933839929635,2.453547363379078,0.018609519865315883,2.380032193580204,0.024105824054463803,0.40757313876459217,0.4231313696684928,0.0567652114182699
bench,51.52412017245634,9.22655091239048,0.368505843195887,1.5853897904650591,1.083663165797044,3.46690243717909,3.4329839655912373,0.04565933839929635,2.453547363379078,0.018609519865315883,2.380032193580204,0.024105824054463803,0.40757313876459217,0.4231313696684928,0.0567652114182699
bench,51.52412017245634,9.22655091239048,0.368505843195887,1.5853897904650591,1.083663165797044,3.385785509926289,3.4329839655912373,0.04565933839929635,2.453547363379078,0.018609519865315883,2.380032193580204,0.024105824054463803,0.40757313876459217,0.4231313696684928,0.0567652114182699
bench,51.52412017245634,9.22655091239048,0.368505843195887,1.5853897904650591,1.083663165797044,3.433074681609187,3.4329839655912373,0.04565933839929635,2.453547363379078,0.018609519865315883,2.380032193580204,0.024105824054463803,0.40757313876459217,0.4231313696684928,0.0567652114182699
bench,51.52412017245634,9.22655091239048,0.368505843195887,1.5853897904650591,1.083663165797044,3.4518699148490657,3.4329839655912373,0.04565933839929635,2.453547363379078,0.018609519865315883,2.380032193580204,0.024105824054463803,0.40757313876459217,0.4231313696684928,0.0567652114182699
bench,51.52412017245634,9.22655091239048,0.368505843195887,1.5853897904650591,1.083663165797044,3.407921231485658,3.4329839655912373,0.04565933839929635,2.453547363379078,0.018609519865315883,2.380032193580204,0.024105824054463803,0.40757313876459217,0.4231313696684928,0.0567652114182699
bench,34.68108583269521,8.228109982728935,1.5048063169682886,1.69231019541095,1.7832482222209858,15.981214986717484,15.995788063820322,0.06671972946285536,1.7169533920556028,0.03885937135601329,2.380032193580204,0.024105824054463803,0.5824269922684164,0.4231313696684928,0.0567652114182699
bench,34.68108583269521,8.228109982728935,1.5048063169682886,1.69231019541095,1.7832482222209858,15.81827897575604,15.995788063820322,0.06671972946285536,1.7169533920556028,0.03885937135601329,2.380032193580204,0.024105824054463803,0.5824269922684164,0.4231313696684928,0.0567652114182699
bench,34.68108583269521,8.228109982728935,1.5048063169682886,1.69231019541095,1.7832482222209858,15.933366522898968,15.995788063820322,0.06671972946285536,1.7169533920556028,0.03885937135601329,2.380032193580204,0.024105824054463803,0.5824269922684164,0.4231313696684928,0.0567652114182699
bench,34.68108583269521,8.228109982728935,1.5048063169682886,1.69231019541095,1.7832482222209858,16.0309331527999,15.995788063820322,0.06671972946285536,1.7169533920556028,0.03885937135601329,2.380032193580204,0.024105824054463803,0.5824269922684164,0.4231313696684928,0.0567652114182699
bench,34.68108583269521,8.228109982728935,1.5048063169682886,1.69231019541095,1.7832482222209858,16.098758127015024,15.995788063820322,0.06671972946285536,1.7169533920556028,0.03885937135601329,2.380032193580204,0.024105824054463803,0.5824269922684164,0.4231313696684928,0.0567652114182699
bench,34.68108583269521,8.228109982728935,1.5048063169682886,1.69231019541095,1.7832482222209858,16.055754764700268,15.995788063820322,0.06671972946285536,1.7169533920556028,0.03885937135601329,2.380032193580204,0.024105824054463803,0.5824269922684164,0.4231313696684928,0.0567652114182699
bench,34.68108583269521,8.228109982728935,1.5048063169682886,1.69231019541095,1.7832482222209858,15.98359955831617,15.995788063820322,0.06671972946285536,1.7169533920556028,0.03885937135601329,2.380032193580204,0.024105824054463803,0.5824269922684164,0.4231313696684928,0.0567652114182699
bench,34.68108583269521,8.228109982728935,1.5048063169682886,1.69231019541095,1.7832482222209858,16.01040482275259,15.995788063820322,0.06671972946285536,1.7169533920556028,0.03885937135601329,2.380032193580204,0.024105824054463803,0.5824269922684164,0.4231313696684928,0.0567652114182699
bench,34.68108583269521,8.228109982728935,1.5048063169682886,1.69231019541095,1.7832482222209858,16.050904653331813,15.995788063820322,0.06671972946285536,1.7169533920556028,0.03885937135601329,2.380032193580204,0.024105824054463803,0.5824269922684164,0.4231313696684928,0.0567652114182699
bench,34.68108583269521,8.228109982728935,1.5048063169682886,1.69231019541095,1.7832482222209858,15.996400226581343,15.995788063820322,0.06671972946285536,1.7169533920556028,0.03885937135601329,2.380032193580204,0.024105824054463803,0.5824269922684164,0.4231313696684928,0.0567652114182699
bench,34.68108583269521,8.228109982728935,1.5048063169682886,1.69231019541095,1.7832482222209858,15.942793351001871,15.995788063820322,0.06671972946285536,1.7169533920556028,0.03885937135601329,2.380032193580204,0.024105824054463803,0.5824269922684164,0.4231313696684928,0.0567652114182699
bench,34.68108583269521,8.228109982728935,1.5048063169682886,1.69231019541095,1.7832482222209858,16.009718329824164,15.995788063820322,0.06671972946285536,1.7169533920556028,0.03885937135601329,2.380032193580204,0.024105824054463803,0.5824269922684164,0.4231313696684928,0.0567652114182699
bench,34.68108583269521,8.228109982728935,1.5048063169682886,1.69231019541095,1.7832482222209858,15.944785950429054,15.995788063820322,0.06671972946285536,1.7169533920556028,0.03885937135601329,2.380032193580204,0.024105824054463803,0.5824269922684164,0.4231313696684928,0.0567652114182699
bench,34.68108583269521,8.228109982728935,1.5048063169682886,1.69231019541095,1.7832482222209858,16.125415016812877,15.995788063820322,0.06671972946285536,1.7169533920556028,0.03885937135601329,2.380032193580204,0.024105824054463803,0.5824269922684164,0.4231313696684928,0.0567652114182699
bench,34.68108583269521,8.228109982728935,1.5048063169682886,1.69231019541095,1.7832482222209858,16.043461100812916,15.995788063820322,0.06671972946285536,1.7169533920556028,0.03885937135601329,2.380032193580204,0.024105824054463803,0.5824269922684164,0.4231313696684928,0.0567652114182699
bench,34.68108583269521,8.228109982728935,1.5048063169682886,1.69231019541095,1.7832482222209858,15.954613590969188,15.995788063820322,0.06671972946285536,1.7169533920556028,0.03885937135601329,2.380032193580204,0.024105824054463803,0.5824269922684164,0.4231313696684928,0.0567652114182699
bench,34.68108583269521,8.228109982728935,1.5048063169682886,1.69231019541095,1.7832482222209858,16.004271177392916,15.995788063820322,0.06671972946285536,1.7169533920556028,0.03885937135601329,2.380032193580204,0.024105824054463803,0.5824269922684164,0.4231313696684928,0.0567652114182699
bench,34.68108583269521,8.228109982728935,1.5048063169682886,1.69231019541095,1.7832482222209858,15.990659918938864,15.995788063820322,0.06671972946285536,1.7169533920556028,0.03885937135601329,2.380032193580204,0.024105824054463803,0.5824269922684164,0.4231313696684928,0.0567652114182699
bench,34.68108583269521,8.228109982728935,1.5048063169682886,1.69231019541095,1.7832482222209858,16.004454580658937,15.995788063820322,0.06671972946285536,1.7169533920556028,0.03885937135601329,2.380032193580204,0.024105824054463803,0.5824269922684164,0.4231313696684928,0.0567652114182699
bench,34.68108583269521,8.228109982728935,1.5048063169682886,1.69231019541095,1.7832482222209858,15.935972468696043,15.995788063820322,0.06671972946285536,1.7169533920556028,0.03885937135601329,2.380032193580204,0.024105824054463803,0.5824269922684164,0.4231313696684928,0.0567652114182699
pilot,47.454360279517104,7.728101954803803,1.7858450094389746,1.0118731203422475,1.3004618274689124,1.5869968622092323,1.5821811322932633,0.0033977136653491114,1.0,0.0033977136653491114,1.0,0.004981763078098352,1.0,1.0,0.004981763078098352
pilot,47.454360279517104,7.728101954803803,1.7858450094389746,1.0118731203422475,1.3004618274689124,1.5836922239744513,1.5821811322932633,0.0033977136653491114,1.0,0.0033977136653491114,1.0,0.004981763078098352,1.0,1.0,0.004981763078098352
pilot,47.454360279517104,7.728101954803803,1.7858450094389746,1.0118731203422475,1.3004618274689124,1.5742773855162728,1.5821811322932633,0.0033977136653491114,1.0,0.0033977136653491114,1.0,0.004981763078098352,1.0,1.0,0.004981763078098352
pilot,47.454360279517104,7.728101954803803,1.7858450094389746,1.0118731203422475,1.3004618274689124,1.5860736215510862,1.5821811322932633,0.0033977136653491114,1.0,0.0033977136653491114,1.0,0.004981763078098352,1.0,1.0,0.004981763078098352
pilot,47.454360279517104,7.728101954803803,1.7858450094389746,1.0118731203422475,1.3004618274689124,1.5844568817839602,1.5821811322932633,0.0033977136653491114,1.0,0.0033977136653491114,1.0,0.004981763078098352,1.0,1.0,0.004981763078098352
pilot,47.454360279517104,7.728101954803803,1.7858450094389746,1.0118731203422475,1.3004618274689124,1.582068344665205,1.5821811322932633,0.0033977136653491114,1.0,0.0033977136653491114,1.0,0.004981763078098352,1.0,1.0,0.004981763078098352
pilot,47.454360279517104,7.728101954803803,1.7858450094389746,1.0118731203422475,1.3004618274689124,1.586094366552952,1.5821811322932633,0.0033977136653491114,1.0,0.0033977136653491114,1.0,0.004981763078098352,1.0,1.0,0.004981763078098352
pilot,47.454360279517104,7.728101954803803,1.7858450094389746,1.0118731203422475,1.3004618274689124,1.5825275589680723,1.5821811322932633,0.0033977136653491114,1.0,0.0033977136653491114,1.0,0.004981763078098352,1.0,1.0,0.004981763078098352
pilot,47.454360279517104,7.728101954803803,1.7858450094389746,1.0118731203422475,1.3004618274689124,1.585980781321758,1.5821811322932633,0.0033977136653491114,1.0,0.0033977136653491114,1.0,0.004981763078098352,1.0,1.0,0.004981763078098352
pilot,47.454360279517104,7.728101954803803,1.7858450094389746,1.0118731203422475,1.3004618274689124,1.5805563890928034,1.5821811322932633,0.0033977136653491114,1.0,0.0033977136653491114,1.0,0.004981763078098352,1.0,1.0,0.004981763078098352
pilot,47.454360279517104,7.728101954803803,1.7858450094389746,1.0118731203422475,1.3004618274689124,1.58558560658702,1.5821811322932633,0.0033977136653491114,1.0,0.0033977136653491114,1.0,0.004981763078098352,1.0,1.0,0.004981763078098352
pilot,47.454360279517104,7.728101954803803,1.7858450094389746,1.0118731203422475,1.3004618274689124,1.5801419125975318,1.5821811322932633,0.0033977136653491114,1.0,0.0033977136653491114,1.0,0.004981763078098352,1.0,1.0,0.004981763078098352
pilot,47.454360279517104,7.728101954803803,1.7858450094389746,1.0118731203422475,1.3004618274689124,1.5778445401211043,1.5821811322932633,0.0033977136653491114,1.0,0.0033977136653491114,1.0,0.004981763078098352,1.0,1.0,0.004981763078098352
pilot,47.454360279517104,7.728101954803803,1.7858450094389746,1.0118731203422475,1.3004618274689124,1.5804709782684645,1.5821811322932633,0.0033977136653491114,1.0,0.0033977136653491114,1.0,0.004981763078098352,1.0,1.0,0.004981763078098352
pilot,47.454360279517104,7.728101954803803,1.7858450094389746,1.0118731203422475,1.3004618274689124,1.5777887400768682,1.5821811322932633,0.0033977136653491114,1.0,0.0033977136653491114,1.0,0.004981763078098352,1.0,1.0,0.004981763078098352
pilot,47.454360279517104,7.728101954803803,1.7858450094389746,1.0118731203422475,1.3004618274689124,1.5824688732916188,1.5821811322932633,0.0033977136653491114,1.0,0.0033977136653491114,1.0,0.004981763078098352,1.0,1.0,0.004981763078098352
pilot,47.454360279517104,7.728101954803803,1.7858450094389746,1.0118731203422475,1.3004618274689124,1.5818124752314624,1.5821811322932633,0.0033977136653491114,1.0,0.0033977136653491114,1.0,0.004981763078098352,1.0,1.0,0.004981763078098352
pilot,47.454360279517104,7.728101954803803,1.7858450094389746,1.0118731203422475,1.3004618274689124,1.5789250740600052,1.5821811322932633,0.0033977136653491114,1.0,0.0033977136653491114,1.0,0.004981763078098352,1.0,1.0,0.004981763078098352
pilot,47.454360279517104,7.728101954803803,1.7858450094389746,1.0118731203422475,1.3004618274689124,1.5807127899440525,1.5821811322932633,0.0033977136653491114,1.0,0.0033977136653491114,1.0,0.004981763078098352,1.0,1.0,0.004981763078098352
pilot,47.454360279517104,7.728101954803803,1.7858450094389746,1.0118731203422475,1.3004618274689124,1.585147240051345,1.5821811322932633,0.0033977136653491114,1.0,0.0033977136653491114,1.0,0.004981763078098352,1.0,1.0,0.004981763078098352
pilot,24.2080343676954,5.410315939556034,0.7113086021443186,0.1942973886395463,0.4317697837783722,1.2311314316262845,1.2316304383870822,0.004929480068535792,1.0,0.004929480068535792,1.0,0.004981763078098352,1.0,1.0,0.004981763078098352
pilot,24.2080343676954,5.410315939556034,0.7113086021443186,0.1942973886395463,0.4317697837783722,1.2359092339758044,1.2316304383870822,0.004929480068535792,1.0,0.004929480068535792,1.0,0.004981763078098352,1.0,1.0,0.004981763078098352
pilot,24.2080343676954,5.410315939556034,0.7113086021443186,0.1942973886395463,0.4317697837783722,1.2337182197476373,1.2316304383870822,0.004929480068535792,1.0,0.004929480068535792,1.0,0.004981763078098352,1.0,1.0,0.004981763078098352
pilot,24.2080343676954,5.410315939556034,0.7113086021443186,0.1942973886395463,0.4317697837783722,1.2280821852745112,1.2316304383870822,0.004929480068535792,1.0,0.004929480068535792,1.0,0.004981763078098352,1.0,1.0,0.004981763078098352
pilot,24.2080343676954,5.410315939556034,0.7113086021443186,0.1942973886395463,0.4317697837783722,1.231019174860201,1.2316304383870822,0.004929480068535792,1.0,0.004929480068535792,1.0,0.004981763078098352,1.0,1.0,0.004981763078098352
pilot,24.2080343676954,5.410315939556034,0.7113086021443186,0.1942973886395463,0.4317697837783722,1.2347783219198505,1.2316304383870822,0.004929480068535792,1.0,0.004929480068535792,1.0,0.004981763078098352,1.0,1.0,0.004981763078098352
pilot,24.2080343676954,5.410315939556034,0.7113086021443186,0.1942973886395463,0.4317697837783722,1.22254118545182,1.2316304383870822,0.004929480068535792,1.0,0.004929480068535792,1.0,0.004981763078098352,1.0,1.0,0.004981763078098352
pilot,24.2080343676954,5.410315939556034,0.7113086021443186,0.1942973886395463,0.4317697837783722,1.2326975618752394,1.2316304383870822,0.004929480068535792,1.0,0.004929480068535792,1.0,0.004981763078098352,1.0,1.0,0.004981763078098352
pilot,24.2080343676954,5.410315939556034,0.7113086021443186,0.1942973886395463,0.4317697837783722,1.236476637965373,1.2316304383870822,0.004929480068535792,1.0,0.004929480068535792,1.0,0.004981763078098352,1.0,1.0,0.004981763078098352
pilot,24.2080343676954,5.410315939556034,0.7113086021443186,0.1942973886395463,0.4317697837783722,1.2341572205258131,1.2316304383870822,0.004929480068535792,1.0,0.004929480068535792,1.0,0.004981763078098352,1.0,1.0,0.004981763078098352
pilot,24.2080343676954,5.410315939556034,0.7113086021443186,0.1942973886395463,0.4317697837783722,1.225643258472859,1.2316304383870822,0.004929480068535792,1.0,0.004929480068535792,1.0,0.004981763078098352,1.0,1.0,0.004981763078098352
pilot,24.2080343676954,5.410315939556034,0.7113086021443186,0.1942973886395463,0.4317697837783722,1.2268639792940883,1.2316304383870822,0.004929480068535792,1.0,0.004929480068535792,1.0,0.004981763078098352,1.0,1.0,0.004981763078098352
pilot,24.2080343676954,5.410315939556034,0.7113086021443186,0.1942973886395463,0.4317697837783722,1.237679779149086,1.2316304383870822,0.004929480068535792,1.0,0.004929480068535792,1.0,0.004981763078098352,1.0,1.0,0.004981763078098352
pilot,24.2080343676954,5.410315939556034,0.7113086021443186,0.1942973886395463,0.4317697837783722,1.222940136356247,1.2316304383870822,0.004929480068535792,1.0,0.004929480068535792,1.0,0.004981763078098352,1.0,1.0,0.004981763078098352
pilot,24.2080343676954,5.410315939556034,0.7113086021443186,0.1942973886395463,0.4317697837783722,1.2397104748473216,1.2316304383870822,0.004929480068535792,1.0,0.004929480068535792,1.0,0.004981763078098352,1.0,1.0,0.004981763078098352
pilot,24.2080343676954,5.410315939556034,0.7113086021443186,0.1942973886395463,0.4317697837783722,1.23210787623882,1.2316304383870822,0.004929480068535792,1.0,0.004929480068535792,1.0,0.004981763078098352,1.0,1.0,0.004981763078098352
pilot,24.2080343676954,5.410315939556034,0.7113086021443186,0.1942973886395463,0.4317697837783722,1.2370233890406297,1.2316304383870822,0.004929480068535792,1.0,0.004929480068535792,1.0,0.004981763078098352,1.0,1.0,0.004981763078098352
pilot,24.2080343676954,5.410315939556034,0.7113086021443186,0.1942973886395463,0.4317697837783722,1.229967603936934,1.2316304383870822,0.004929480068535792,1.0,0.004929480068535792,1.0,0.004981763078098352,1.0,1.0,0.004981763078098352
pilot,24.2080343676954,5.410315939556034,0.7113086021443186,0.1942973886395463,0.4317697837783722,1.2339168091590458,1.2316304383870822,0.004929480068535792,1.0,0.004929480068535792,1.0,0.004981763078098352,1.0,1.0,0.004981763078098352
pilot,24.2080343676954,5.410315939556034,0.7113086021443186,0.1942973886395463,0.4317697837783722,1.2262442880240818,1.2316304383870822,0.004929480068535792,1.0,0.004929480068535792,1.0,0.004981763078098352,1.0,1.0,0.004981763078098352
pilot,59.83066347347517,8.56377001069653,0.9937596124577452,1.7322142704589818,0.376434864109482,1.2312401050464268,1.2350316920408002,0.005435657366311194,1.0,0.005435657366311194,1.0,0.004981763078098352,1.0,1.0,0.004981763078098352
pilot,59.83066347347517,8.56377001069653,0.9937596124577452,1.7322142704589818,0.376434864109482,1.23834794761862,1.2350316920408002,0.005435657366311194,1.0,0.005435657366311194,1.0,0.004981763078098352,1.0,1.0,0.004981763078098352
pilot,59.83066347347517,8.56377001069653,0.9937596124577452,1.7322142704589818,0.376434864109482,1.2348140570297788,1.2350316920408002,0.005435657366311194,1.0,0.005435657366311194,1.0,0.004981763078098352,1.0,1.0,0.004981763078098352
pilot,59.83066347347517,8.56377001069653,0.9937596124577452,1.7322142704589818,0.376434864109482,1.2421086479815149,1.2350316920408002,0.005435657366311194,1.0,0.005435657366311194,1.0,0.004981763078098352,1.0,1.0,0.004981763078098352
pilot,59.83066347347517,8.56377001069653,0.9937596124577452,1.7322142704589818,0.376434864109482,1.2403292393715672,1.2350316920408002,0.005435657366311194,1.0,0.005435657366311194,1.0,0.004981763078098352,1.0,1.0,0.004981763078098352
pilot,59.83066347347517,8.56377001069653,0.9937596124577452,1.7322142704589818,0.376434864109482,1.2386700877302734,1.2350316920408002,0.005435657366311194,1.0,0.005435657366311194,1.0,0.004981763078098352,1.0,1.0,0.004981763078098352
pilot,59.83066347347517,8.56377001069653,0.9937596124577452,1.7322142704589818,0.376434864109482,1.240194852219197,1.2350316920408002,0.005435657366311194,1.0,0.005435657366311194,1.0,0.004981763078098352,1.0,1.0,0.004981763078098352
pilot,59.83066347347517,8.56377001069653,0.9937596124577452,1.7322142704589818,0.376434864109482,1.2303863568839104,1.2350316920408002,0.005435657366311194,1.0,0.005435657366311194,1.0,0.004981763078098352,1.0,1.0,0.004981763078098352
pilot,59.83066347347517,8.56377001069653,0.9937596124577452,1.7322142704589818,0.376434864109482,1.2376248710937607,1.2350316920408002,0.005435657366311194,1.0,0.005435657366311194,1.0,0.004981763078098352,1.0,1.0,0.004981763078098352
pilot,59.83066347347517,8.56377001069653,0.9937596124577452,1.7322142704589818,0.376434864109482,1.2295061134058898,1.2350316920408002,0.005435657366311194,1.0,0.005435657366311194,1.0,0.004981763078098352,1.0,1.0,0.004981763078098352
pilot,59.83066347347517,8.56377001069653,0.9937596124577452,1.7322142704589818,0.376434864109482,1.224264755012368,1.2350316920408002,0.005435657366311194,1.0,0.005435657366311194,1.0,0.004981763078098352,1.0,1.0,0.004981763078098352
pilot,59.83066347347517,8.56377001069653,0.9937596124577452,1.7322142704589818,0.376434864109482,1.2259278831620384,1.2350316920408002,0.005435657366311194,1.0,0.005435657366311194,1.0,0.004981763078098352,1.0,1.0,0.004981763078098352
pilot,59.83066347347517,8.56377001069653,0.9937596124577452,1.7322142704589818,0.376434864109482,1.2405399582925871,1.2350316920408002,0.005435657366311194,1.0,0.005435657366311194,1.0,0.004981763078098352,1.0,1.0,0.004981763078098352
pilot,59.83066347347517,8.56377001069653,0.9937596124577452,1.7322142704589818,0.376434864109482,1.2396382811167184,1.2350316920408002,0.005435657366311194,1.0,0.005435657366311194,1.0,0.004981763078098352,1.0,1.0,0.004981763078098352
pilot,59.83066347347517,8.56377001069653,0.9937596124577452,1.7322142704589818,0.376434864109482,1.232751008542817,1.2350316920408002,0.005435657366311194,1.0,0.005435657366311194,1.0,0.004981763078098352,1.0,1.0,0.004981763078098352
pilot,59.83066347347517,8.56377001069653,0.9937596124577452,1.7322142704589818,0.376434864109482,1.239487998558876,1.2350316920408002,0.005435657366311194,1.0,0.005435657366311194,1.0,0.004981763078098352,1.0,1.0,0.004981763078098352
pilot,59.83066347347517,8.56377001069653,0.9937596124577452,1.7322142704589818,0.376434864109482,1.2287223943058612,1.2350316920408002,0.005435657366311194,1.0,0.005435657366311194,1.0,0.004981763078098352,1.0,1.0,0.004981763078098352
pilot,59.83066347347517,8.56377001069653,0.9937596124577452,1.7322142704589818,0.376434864109482,1.238430163032987,1.2350316920408002,0.005435657366311194,1.0,0.005435657366311194,1.0,0.004981763078098352,1.0,1.0,0.004981763078098352
pilot,59.83066347347517,8.56377001069653,0.9937596124577452,1.7322142704589818,0.376434864109482,1.2299917078365643,1.2350316920408002,0.005435657366311194,1.0,0.005435657366311194,1.0,0.004981763078098352,1.0,1.0,0.004981763078098352
pilot,59.83066347347517,8.56377001069653,0.9937596124577452,1.7322142704589818,0.376434864109482,1.237657412574247,1.2350316920408002,0.005435657366311194,1.0,0.005435657366311194,1.0,0.004981763078098352,1.0,1.0,0.004981763078098352
pilot,28.78992378316696,8.962699134684907,1.167396930856356,0.8210016310269816,0.0812879062925603,1.1643616563922474,1.164633255860235,0.0041677613372207755,1.0,0.0041677613372207755,1.0,0.004981763078098352,1.0,1.0,0.004981763078098352
pilot,28.78992378316696,8.962699134684907,1.167396930856356,0.8210016310269816,0.0812879062925603,1.1637739583644264,1.164633255860235,0.0041677613372207755,1.0,0.0041677613372207755,1.0,0.004981763078098352,1.0,1.0,0.004981763078098352
pilot,28.78992378316696,8.962699134684907,1.167396930856356,0.8210016310269816,0.0812879062925603,1.1613701581275238,1.164633255860235,0.0041677613372207755,1.0,0.0041677613372207755,1.0,0.004981763078098352,1.0,1.0,0.004981763078098352
pilot,28.78992378316696,8.962699134684907,1.167396930856356,0.8210016310269816,0.0812879062925603,1.1696276558103478,1.164633255860235,0.0041677613372207755,1.0,0.0041677613372207755,1.0,0.004981763078098352,1.0,1.0,0.004981763078098352
pilot,28.78992378316696,8.962699134684907,1.167396930856356,0.8210016310269816,0.0812879062925603,1.1718314882291874,1.164633255860235,0.0041677613372207755,1.0,0.0041677613372207755,1.0,0.004981763078098352,1.0,1.0,0.004981763078098352
pilot,28.78992378316696,8.962699134684907,1.167396930856356,0.8210016310269816,0.0812879062925603,1.1680701500808992,1.164633255860235,0.0041677613372207755,1.0,0.0041677613372207755,1.0,0.004981763078098352,1.0,1.0,0.004981763078098352
pilot,28.78992378316696,8.962699134684907,1.167396930856356,0.8210016310269816,0.0812879062925603,1.1647441913050445,1.164633255860235,0.0041677613372207755,1.0,0.0041677613372207755,1.0,0.004981763078098352,1.0,1.0,0.004981763078098352
pilot,28.78992378316696,8.962699134684907,1.167396930856356,0.8210016310269816,0.0812879062925603,1.1686745679964747,1.164633255860235,0.0041677613372207755,1.0,0.0041677613372207755,1.0,0.004981763078098352,1.0,1.0,0.004981763078098352
pilot,28.78992378316696,8.962699134684907,1.167396930856356,0.8210016310269816,0.0812879062925603,1.1656300689698995,1.164633255860235,0.0041677613372207755,1.0,0.0041677613372207755,1.0,0.004981763078098352,1.0,1.0,0.004981763078098352
pilot,28.78992378316696,8.962699134684907,1.167396930856356,0.8210016310269816,0.0812879062925603,1.1629498773857248,1.164633255860235,0.0041677613372207755,1.0,0.0041677613372207755,1.0,0.004981763078098352,1.0,1.0,0.004981763078098352
pilot,28.78992378316696,8.962699134684907,1.167396930856356,0.8210016310269816,0.0812879062925603,1.1596334235965389,1.164633255860235,0.0041677613372207755,1.0,0.0041677613372207755,1.0,0.004981763078098352,1.0,1.0,0.004981763078098352
pilot,28.78992378316696,8.962699134684907,1.167396930856356,0.8210016310269816,0.0812879062925603,1.153342099522524,1.164633255860235,0.0041677613372207755,1.0,0.0041677613372207755,1.0,0.004981763078098352,1.0,1.0,0.004981763078098352
pilot,28.78992378316696,8.962699134684907,1.167396930856356,0.8210016310269816,0.0812879062925603,1.1697794936240573,1.164633255860235,0.0041677613372207755,1.0,0.0041677613372207755,1.0,0.004981763078098352,1.0,1.0,0.004981763078098352
pilot,28.78992378316696,8.962699134684907,1.167396930856356,0.8210016310269816,0.0812879062925603,1.1645591395822912,1.164633255860235,0.0041677613372207755,1.0,0.0041677613372207755,1.0,0.004981763078098352,1.0,1.0,0.004981763078098352
pilot,28.78992378316696,8.962699134684907,1.167396930856356,0.8210016310269816,0.0812879062925603,1.1664372520816877,1.164633255860235,0.0041677613372207755,1.0,0.0041677613372207755,1.0,0.004981763078098352,1.0,1.0,0.004981763078098352
pilot,28.78992378316696,8.962699134684907,1.167396930856356,0.8210016310269816,0.0812879062925603,1.159706829999463,1.164633255860235,0.0041677613372207755,1.0,0.0041677613372207755,1.0,0.004981763078098352,1.0,1.0,0.004981763078098352
pilot,28.78992378316696,8.962699134684907,1.167396930856356,0.8210016310269816,0.0812879062925603,1.164041079590698,1.164633255860235,0.0041677613372207755,1.0,0.0041677613372207755,1.0,0.004981763078098352,1.0,1.0,0.004981763078098352
pilot,28.78992378316696,8.962699134684907,1.167396930856356,0.8210016310269816,0.0812879062925603,1.1661155457408885,1.164633255860235,0.0041677613372207755,1.0,0.0041677613372207755,1.0,0.004981763078098352,1.0,1.0,0.004981763078098352
pilot,28.78992378316696,8.962699134684907,1.167396930856356,0.8210016310269816,0.0812879062925603,1.16398887170365,1.164633255860235,0.0041677613372207755,1.0,0.0041677613372207755,1.0,0.004981763078098352,1.0,1.0,0.004981763078098352
pilot,28.78992378316696,8.962699134684907,1.167396930856356,0.8210016310269816,0.0812879062925603,1.1640276091011232,1.164633255860235,0.0041677613372207755,1.0,0.0041677613372207755,1.0,0.004981763078098352,1.0,1.0,0.004981763078098352
pilot,27.133202650189684,6.494410197555484,0.4894325215795773,0.7489880759072334,0.1127422268048163,1.1349738601659862,1.127474974524176,0.005098825665583328,1.0,0.005098825665583328,1.0,0.004981763078098352,1.0,1.0,0.004981763078098352
pilot,27.133202650189684,6.494410197555484,0.4894325215795773,0.7489880759072334,0.1127422268048163,1.1263442272735538,1.127474974524176,0.005098825665583328,1.0,0.005098825665583328,1.0,0.004981763078098352,1.0,1.0,0.004981763078098352
pilot,27.133202650189684,6.494410197555484,0.4894325215795773,0.7489880759072334,0.1127422268048163,1.1295504466102564,1.127474974524176,0.005098825665583328,1.0,0.005098825665583328,1.0,0.004981763078098352,1.0,1.0,0.004981763078098352
pilot,27.133202650189684,6.494410197555484,0.4894325215795773,0.7489880759072334,0.1127422268048163,1.1325222142774485,1.127474974524176,0.005098825665583328,1.0,0.005098825665583328,1.0,0.004981763078098352,1.0,1.0,0.004981763078098352
pilot,27.133202650189684,6.494410197555484,0.4894325215795773,0.7489880759072334,0.1127422268048163,1.1282686622707676,1.127474974524176,0.005098825665583328,1.0,0.005098825665583328,1.0,0.004981763078098352,1.0,1.0,0.004981763078098352
pilot,27.133202650189684,6.494410197555484,0.4894325215795773,0.7489880759072334,0.1127422268048163,1.1138748508727794,1.127474974524176,0.005098825665583328,1.0,0.005098825665583328,1.0,0.004981763078098352,1.0,1.0,0.004981763078098352
pilot,27.133202650189684,6.494410197555484,0.4894325215795773,0.7489880759072334,0.1127422268048163,1.132146587177653,1.127474974524176,0.005098825665583328,1.0,0.005098825665583328,1.0,0.004981763078098352,1.0,1.0,0.004981763078098352
pilot,27.133202650189684,6.494410197555484,0.4894325215795773,0.7489880759072334,0.1127422268048163,1.1336572342572535,1.127474974524176,0.005098825665583328,1.0,0.005098825665583328,1.0,0.004981763078098352,1.0,1.0,0.004981763078098352
pilot,27.133202650189684,6.494410197555484,0.4894325215795773,0.7489880759072334,0.1127422268048163,1.1281367156853386,1.127474974524176,0.005098825665583328,1.0,0.005098825665583328,1.0,0.004981763078098352,1.0,1.0,0.004981763078098352
pilot,27.133202650189684,6.494410197555484,0.4894325215795773,0.7489880759072334,0.1127422268048163,1.1214837462348082,1.127474974524176,0.005098825665583328,1.0,0.005098825665583328,1.0,0.004981763078098352,1.0,1.0,0.004981763078098352
pilot,27.133202650189684,6.494410197555484,0.4894325215795773,0.7489880759072334,0.1127422268048163,1.1261821861517003,1.127474974524176,0.005098825665583328,1.0,0.005098825665583328,1.0,0.004981763078098352,1.0,1.0,0.004981763078098352
pilot,27.133202650189684,6.494410197555484,0.4894325215795773,0.7489880759072334,0.1127422268048163,1.12496562408445,1.127474974524176,0.005098825665583328,1.0,0.005098825665583328,1.0,0.004981763078098352,1.0,1.0,0.004981763078098352
pilot,27.133202650189684,6.494410197555484,0.4894325215795773,0.7489880759072334,0.1127422268048163,1.1288934922616565,1.127474974524176,0.005098825665583328,1.0,0.005098825665583328,1.0,0.004981763078098352,1.0,1.0,0.004981763078098352
pilot,27.133202650189684,6.494410197555484,0.4894325215795773,0.7489880759072334,0.1127422268048163,1.1309089366789995,1.127474974524176,0.005098825665583328,1.0,0.005098825665583328,1.0,0.004981763078098352,1.0,1.0,0.004981763078098352
pilot,27.133202650189684,6.494410197555484,0.4894325215795773,0.7489880759072334,0.1127422268048163,1.1237544926241494,1.127474974524176,0.005098825665583328,1.0,0.005098825665583328,1.0,0.004981763078098352,1.0,1.0,0.004981763078098352
pilot,27.133202650189684,6.494410197555484,0.4894325215795773,0.7489880759072334,0.1127422268048163,1.133693790654714,1.127474974524176,0.005098825665583328,1.0,0.005098825665583328,1.0,0.004981763078098352,1.0,1.0,0.004981763078098352
pilot,27.133202650189684,6.494410197555484,0.4894325215795773,0.7489880759072334,0.1127422268048163,1.126074321066484,1.127474974524176,0.005098825665583328,1.0,0.005098825665583328,1.0,0.004981763078098352,1.0,1.0,0.004981763078098352
pilot,27.133202650189684,6.494410197555484,0.4894325215795773,0.7489880759072334,0.1127422268048163,1.1253147633930514,1.127474974524176,0.005098825665583328,1.0,0.005098825665583328,1.0,0.004981763078098352,1.0,1.0,0.004981763078098352
pilot,27.133202650189684,6.494410197555484,0.4894325215795773,0.7489880759072334,0.1127422268048163,1.1208707737399206,1.127474974524176,0.005098825665583328,1.0,0.005098825665583328,1.0,0.004981763078098352,1.0,1.0,0.004981763078098352
pilot,27.133202650189684,6.494410197555484,0.4894325215795773,0.7489880759072334,0.1127422268048163,1.127882565002559,1.127474974524176,0.005098825665583328,1.0,0.005098825665583328,1.0,0.004981763078098352,1.0,1.0,0.004981763078098352
pilot,53.44076133252229,4.518791863666897,0.168796329162723,0.2973732801713683,0.955184767502098,1.2700702540396138,1.2735353868608683,0.005390320363103078,1.0,0.005390320363103078,1.0,0.004981763078098352,1.0,1.0,0.004981763078098352
pilot,53.44076133252229,4.518791863666897,0.168796329162723,0.2973732801713683,0.955184767502098,1.2803642158095268,1.2735353868608683,0.005390320363103078,1.0,0.005390320363103078,1.0,0.004981763078098352,1.0,1.0,0.004981763078098352
pilot,53.44076133252229,4.518791863666897,0.168796329162723,0.2973732801713683,0.955184767502098,1.2691588781484084,1.2735353868608683,0.005390320363103078,1.0,0.005390320363103078,1.0,0.004981763078098352,1.0,1.0,0.004981763078098352
pilot,53.44076133252229,4.518791863666897,0.168796329162723,0.2973732801713683,0.955184767502098,1.2680671047173442,1.2735353868608683,0.005390320363103078,1.0,0.005390320363103078,1.0,0.004981763078098352,1.0,1.0,0.004981763078098352
pilot,53.44076133252229,4.518791863666897,0.168796329162723,0.2973732801713683,0.955184767502098,1.274673546003719,1.2735353868608683,0.005390320363103078,1.0,0.005390320363103078,1.0,0.004981763078098352,1.0,1.0,0.004981763078098352
pilot,53.44076133252229,4.518791863666897,0.168796329162723,0.2973732801713683,0.955184767502098,1.2733413543301697,1.2735353868608683,0.005390320363103078,1.0,0.005390320363103078,1.0,0.004981763078098352,1.0,1.0,0.004981763078098352
pilot,53.44076133252229,4.518791863666897,0.168796329162723,0.2973732801713683,0.955184767502098,1.2694368981434423,1.2735353868608683,0.005390320363103078,1.0,0.005390320363103078,1.0,0.004981763078098352,1.0,1.0,0.004981763078098352
pilot,53.44076133252229,4.518791863666897,0.168796329162723,0.2973732801713683,0.955184767502098,1.270748188214264,1.2735353868608683,0.005390320363103078,1.0,0.005390320363103078,1.0,0.004981763078098352,1.0,1.0,0.004981763078098352
pilot,53.44076133252229,4.518791863666897,0.168796329162723,0.2973732801713683,0.955184767502098,1.2784269348670914,1.2735353868608683,0.005390320363103078,1.0,0.005390320363103078,1.0,0.004981763078098352,1.0,1.0,0.004981763078098352
pilot,53.44076133252229,4.518791863666897,0.168796329162723,0.2973732801713683,0.955184767502098,1.2772454150108337,1.2735353868608683,0.005390320363103078,1.0,0.005390320363103078,1.0,0.004981763078098352,1.0,1.0,0.004981763078098352
pilot,53.44076133252229,4.518791863666897,0.168796329162723,0.2973732801713683,0.955184767502098,1.2744053592542066,1.2735353868608683,0.005390320363103078,1.0,0.005390320363103078,1.0,0.004981763078098352,1.0,1.0,0.004981763078098352
pilot,53.44076133252229,4.518791863666897,0.168796329162723,0.2973732801713683,0.955184767502098,1.282828606327251,1.2735353868608683,0.005390320363103078,1.0,0.005390320363103078,1.0,0.004981763078098352,1.0,1.0,0.004981763078098352
pilot,53.44076133252229,4.518791863666897,0.168796329162723,0.2973732801713683,0.955184767502098,1.2744533633786352,1.2735353868608683,0.005390320363103078,1.0,0.005390320363103078,1.0,0.004981763078098352,1.0,1.0,0.004981763078098352
pilot,53.44076133252229,4.518791863666897,0.168796329162723,0.2973732801713683,0.955184767502098,1.2797622912420938,1.2735353868608683,0.005390320363103078,1.0,0.005390320363103078,1.0,0.004981763078098352,1.0,1.0,0.004981763078098352
pilot,53.44076133252229,4.518791863666897,0.168796329162723,0.2973732801713683,0.955184767502098,1.2717797036408998,1.2735353868608683,0.005390320363103078,1.0,0.005390320363103078,1.0,0.004981763078098352,1.0,1.0,0.004981763078098352
pilot,53.44076133252229,4.518791863666897,0.168796329162723,0.2973732801713683,0.955184767502098,1.2701792120232371,1.2735353868608683,0.005390320363103078,1.0,0.005390320363103078,1.0,0.004981763078098352,1.0,1.0,0.004981763078098352
pilot,53.44076133252229,4.518791863666897,0.168796329162723,0.2973732801713683,0.955184767502098,1.2627666336481629,1.2735353868608683,0.005390320363103078,1.0,0.005390320363103078,1.0,0.004981763078098352,1.0,1.0,0.004981763078098352
pilot,53.44076133252229,4.518791863666897,0.168796329162723,0.2973732801713683,0.955184767502098,1.2827352706717683,1.2735353868608683,0.005390320363103078,1.0,0.005390320363103078,1.0,0.004981763078098352,1.0,1.0,0.004981763078098352
pilot,53.44076133252229,4.518791863666897,0.168796329162723,0.2973732801713683,0.955184767502098,1.2673110688118183,1.2735353868608683,0.005390320363103078,1.0,0.005390320363103078,1.0,0.004981763078098352,1.0,1.0,0.004981763078098352
pilot,53.44076133252229,4.518791863666897,0.168796329162723,0.2973732801713683,0.955184767502098,1.272953438934881,1.2735353868608683,0.005390320363103078,1.0,0.005390320363103078,1.0,0.004981763078098352,1.0,1.0,0.004981763078098352
pilot,20.373815013921664,4.838840512917546,0.214326395931585,0.4746743727910948,0.5153368445224549,1.1573316953223594,1.1654450512308512,0.004790090768568238,1.0,0.004790090768568238,1.0,0.004981763078098352,1.0,1.0,0.004981763078098352
pilot,20.373815013921664,4.838840512917546,0.214326395931585,0.4746743727910948,0.5153368445224549,1.1721192417140818,1.1654450512308512,0.004790090768568238,1.0,0.004790090768568238,1.0,0.004981763078098352,1.0,1.0,0.004981763078098352
pilot,20.373815013921664,4.838840512917546,0.214326395931585,0.4746743727910948,0.5153368445224549,1.1610345095648793,1.1654450512308512,0.004790090768568238,1.0,0.004790090768568238,1.0,0.004981763078098352,1.0,1.0,0.004981763078098352
pilot,20.373815013921664,4.838840512917546,0.214326395931585,0.4746743727910948,0.5153368445224549,1.16631451017169,1.1654450512308512,0.004790090768568238,1.0,0.004790090768568238,1.0,0.004981763078098352,1.0,1.0,0.004981763078098352
pilot,20.373815013921664,4.838840512917546,0.214326395931585,0.4746743727910948,0.5153368445224549,1.1651306196045312,1.1654450512308512,0.004790090768568238,1.0,0.004790090768568238,1.0,0.004981763078098352,1.0,1.0,0.004981763078098352
pilot,20.373815013921664,4.838840512917546,0.214326395931585,0.4746743727910948,0.5153368445224549,1.1668626523586867,1.1654450512308512,0.004790090768568238,1.0,0.004790090768568238,1.0,0.004981763078098352,1.0,1.0,0.004981763078098352
pilot,20.373815013921664,4.838840512917546,0.214326395931585,0.4746743727910948,0.5153368445224549,1.161585487150062,1.1654450512308512,0.004790090768568238,1.0,0.004790090768568238,1.0,0.004981763078098352,1.0,1.0,0.004981763078098352
pilot,20.373815013921664,4.838840512917546,0.214326395931585,0.4746743727910948,0.5153368445224549,1.1707712642667814,1.1654450512308512,0.004790090768568238,1.0,0.004790090768568238,1.0,0.004981763078098352,1.0,1.0,0.004981763078098352
pilot,20.373815013921664,4.838840512917546,0.214326395931585,0.4746743727910948,0.5153368445224549,1.1649127394568477,1.1654450512308512,0.004790090768568238,1.0,0.004790090768568238,1.0,0.004981763078098352,1.0,1.0,0.004981763078098352
pilot,20.373815013921664,4.838840512917546,0.214326395931585,0.4746743727910948,0.5153368445224549,1.168984701847616,1.1654450512308512,0.004790090768568238,1.0,0.004790090768568238,1.0,0.004981763078098352,1.0,1.0,0.004981763078098352
pilot,20.373815013921664,4.838840512917546,0.214326395931585,0.4746743727910948,0.5153368445224549,1.1727128630337085,1.1654450512308512,0.004790090768568238,1.0,0.004790090768568238,1.0,0.004981763078098352,1.0,1.0,0.004981763078098352
pilot,20.373815013921664,4.838840512917546,0.214326395931585,0.4746743727910948,0.5153368445224549,1.1677742290205129,1.1654450512308512,0.004790090768568238,1.0,0.004790090768568238,1.0,0.004981763078098352,1.0,1.0,0.004981763078098352
pilot,20.373815013921664,4.838840512917546,0.214326395931585,0.4746743727910948,0.5153368445224549,1.1671766731731072,1.1654450512308512,0.004790090768568238,1.0,0.004790090768568238,1.0,0.004981763078098352,1.0,1.0,0.004981763078098352
pilot,20.373815013921664,4.838840512917546,0.214326395931585,0.4746743727910948,0.5153368445224549,1.164307250973437,1.1654450512308512,0.004790090768568238,1.0,0.004790090768568238,1.0,0.004981763078098352,1.0,1.0,0.004981763078098352
pilot,20.373815013921664,4.838840512917546,0.214326395931585,0.4746743727910948,0.5153368445224549,1.154436037034957,1.1654450512308512,0.004790090768568238,1.0,0.004790090768568238,1.0,0.004981763078098352,1.0,1.0,0.004981763078098352
pilot,20.373815013921664,4.838840512917546,0.214326395931585,0.4746743727910948,0.5153368445224549,1.1644623042627444,1.1654450512308512,0.004790090768568238,1.0,0.004790090768568238,1.0,0.004981763078098352,1.0,1.0,0.004981763078098352
pilot,20.373815013921664,4.838840512917546,0.214326395931585,0.4746743727910948,0.5153368445224549,1.167811530268817,1.1654450512308512,0.004790090768568238,1.0,0.004790090768568238,1.0,0.004981763078098352,1.0,1.0,0.004981763078098352
pilot,20.373815013921664,4.838840512917546,0.214326395931585,0.4746743727910948,0.5153368445224549,1.1633332281303477,1.1654450512308512,0.004790090768568238,1.0,0.004790090768568238,1.0,0.004981763078098352,1.0,1.0,0.004981763078098352
pilot,20.373815013921664,4.838840512917546,0.214326395931585,0.4746743727910948,0.5153368445224549,1.1608219810101288,1.1654450512308512,0.004790090768568238,1.0,0.004790090768568238,1.0,0.004981763078098352,1.0,1.0,0.004981763078098352
pilot,20.373815013921664,4.838840512917546,0.214326395931585,0.4746743727910948,0.5153368445224549,1.171017506251724,1.1654450512308512,0.004790090768568238,1.0,0.004790090768568238,1.0,0.004981763078098352,1.0,1.0,0.004981763078098352
pilot,31.715147780677043,5.7518305979774205,0.5041028600767555,1.211571347746148,1.121966556838828,1.4654832973376366,1.4651748714917243,0.004002391062858762,1.0,0.004002391062858762,1.0,0.004981763078098352,1.0,1.0,0.004981763078098352
pilot,31.715147780677043,5.7518305979774205,0.5041028600767555,1.211571347746148,1.121966556838828,1.4591633053573554,1.4651748714917243,0.004002391062858762,1.0,0.004002391062858762,1.0,0.004981763078098352,1.0,1.0,0.004981763078098352
pilot,31.715147780677043,5.7518305979774205,0.5041028600767555,1.211571347746148,1.121966556838828,1.4637974737266215,1.4651748714917243,0.004002391062858762,1.0,0.004002391062858762,1.0,0.004981763078098352,1.0,1.0,0.004981763078098352
pilot,31.715147780677043,5.7518305979774205,0.5041028600767555,1.211571347746148,1.121966556838828,1.472145836257117,1.4651748714917243,0.004002391062858762,1.0,0.004002391062858762,1.0,0.004981763078098352,1.0,1.0,0.004981763078098352
pilot,31.715147780677043,5.7518305979774205,0.5041028600767555,1.211571347746148,1.121966556838828,1.4678317389578277,1.4651748714917243,0.004002391062858762,1.0,0.004002391062858762,1.0,0.004981763078098352,1.0,1.0,0.004981763078098352
pilot,31.715147780677043,5.7518305979774205,0.5041028600767555,1.211571347746148,1.121966556838828,1.4673513117290076,1.4651748714917243,0.004002391062858762,1.0,0.004002391062858762,1.0,0.004981763078098352,1.0,1.0,0.004981763078098352
pilot,31.715147780677043,5.7518305979774205,0.5041028600767555,1.211571347746148,1.121966556838828,1.4682914316270987,1.4651748714917243,0.004002391062858762,1.0,0.004002391062858762,1.0,0.004981763078098352,1.0,1.0,0.004981763078098352
pilot,31.715147780677043,5.7518305979774205,0.5041028600767555,1.211571347746148,1.121966556838828,1.4578422515595404,1.4651748714917243,0.004002391062858762,1.0,0.004002391062858762,1.0,0.004981763078098352,1.0,1.0,0.004981763078098352
pilot,31.715147780677043,5.7518305979774205,0.5041028600767555,1.211571347746148,1.121966556838828,1.4627353383701769,1.4651748714917243,0.004002391062858762,1.0,0.004002391062858762,1.0,0.004981763078098352,1.0,1.0,0.004981763078098352
pilot,31.715147780677043,5.7518305979774205,0.5041028600767555,1.211571347746148,1.121966556838828,1.4660830031240957,1.4651748714917243,0.004002391062858762,1.0,0.004002391062858762,1.0,0.004981763078098352,1.0,1.0,0.004981763078098352
pilot,31.715147780677043,5.7518305979774205,0.5041028600767555,1.211571347746148,1.121966556838828,1.4640401932785496,1.4651748714917243,0.004002391062858762,1.0,0.004002391062858762,1.0,0.004981763078098352,1.0,1.0,0.004981763078098352
pilot,31.715147780677043,5.7518305979774205,0.5041028600767555,1.211571347746148,1.121966556838828,1.465433395601055,1.4651748714917243,0.004002391062858762,1.0,0.004002391062858762,1.0,0.004981763078098352,1.0,1.0,0.004981763078098352
pilot,31.715147780677043,5.7518305979774205,0.5041028600767555,1.211571347746148,1.121966556838828,1.4673035694131364,1.4651748714917243,0.004002391062858762,1.0,0.004002391062858762,1.0,0.004981763078098352,1.0,1.0,0.004981763078098352
pilot,31.715147780677043,5.7518305979774205,0.5041028600767555,1.211571347746148,1.121966556838828,1.468746632250114,1.4651748714917243,0.004002391062858762,1.0,0.004002391062858762,1.0,0.004981763078098352,1.0,1.0,0.004981763078098352
pilot,31.715147780677043,5.7518305979774205,0.5041028600767555,1.211571347746148,1.121966556838828,1.4681280093285678,1.4651748714917243,0.004002391062858762,1.0,0.004002391062858762,1.0,0.004981763078098352,1.0,1.0,0.004981763078098352
pilot,31.715147780677043,5.7518305979774205,0.5041028600767555,1.211571347746148,1.121966556838828,1.4716603678815423,1.4651748714917243,0.004002391062858762,1.0,0.004002391062858762,1.0,0.004981763078098352,1.0,1.0,0.004981763078098352
pilot,31.715147780677043,5.7518305979774205,0.5041028600767555,1.211571347746148,1.121966556838828,1.461448531160776,1.4651748714917243,0.004002391062858762,1.0,0.004002391062858762,1.0,0.004981763078098352,1.0,1.0,0.004981763078098352
pilot,31.715147780677043,5.7518305979774205,0.5041028600767555,1.211571347746148,1.121966556838828,1.4643947155315904,1.4651748714917243,0.004002391062858762,1.0,0.004002391062858762,1.0,0.004981763078098352,1.0,1.0,0.004981763078098352
pilot,31.715147780677043,5.7518305979774205,0.5041028600767555,1.211571347746148,1.121966556838828,1.4634100070490388,1.4651748714917243,0.004002391062858762,1.0,0.004002391062858762,1.0,0.004981763078098352,1.0,1.0,0.004981763078098352
pilot,31.715147780677043,5.7518305979774205,0.5041028600767555,1.211571347746148,1.121966556838828,1.4582070202936386,1.4651748714917243,0.004002391062858762,1.0,0.004002391062858762,1.0,0.004981763078098352,1.0,1.0,0.004981763078098352
pilot,39.61940882849354,6.980553480312143,1.2918475517997128,1.441160592659531,1.5331160825684846,1.684484116421574,1.679895732860281,0.006144301653555538,1.0,0.006144301653555538,1.0,0.004981763078098352,1.0,1.0,0.004981763078098352
pilot,39.61940882849354,6.980553480312143,1.2918475517997128,1.441160592659531,1.5331160825684846,1.6763820125200015,1.679895732860281,0.006144301653555538,1.0,0.006144301653555538,1.0,0.004981763078098352,1.0,1.0,0.004981763078098352
pilot,39.61940882849354,6.980553480312143,1.2918475517997128,1.441160592659531,1.5331160825684846,1.6818130590006892,1.679895732860281,0.006144301653555538,1.0,0.006144301653555538,1.0,0.004981763078098352,1.0,1.0,0.004981763078098352
pilot,39.61940882849354,6.980553480312143,1.2918475517997128,1.441160592659531,1.5331160825684846,1.671137106077961,1.679895732860281,0.006144301653555538,1.0,0.006144301653555538,1.0,0.004981763078098352,1.0,1.0,0.004981763078098352
pilot,39.61940882849354,6.980553480312143,1.2918475517997128,1.441160592659531,1.5331160825684846,1.673156695924387,1.679895732860281,0.006144301653555538,1.0,0.006144301653555538,1.0,0.004981763078098352,1.0,1.0,0.004981763078098352
pilot,39.61940882849354,6.980553480312143,1.2918475517997128,1.441160592659531,1.5331160825684846,1.6694555166745464,1.679895732860281,0.006144301653555538,1.0,0.006144301653555538,1.0,0.004981763078098352,1.0,1.0,0.004981763078098352
pilot,39.61940882849354,6.980553480312143,1.2918475517997128,1.441160592659531,1.5331160825684846,1.678795552407344,1.679895732860281,0.006144301653555538,1.0,0.006144301653555538,1.0,0.004981763078098352,1.0,1.0,0.004981763078098352
pilot,39.61940882849354,6.980553480312143,1.2918475517997128,1.441160592659531,1.5331160825684846,1.680359229124481,1.679895732860281,0.006144301653555538,1.0,0.006144301653555538,1.0,0.004981763078098352,1.0,1.0,0.004981763078098352
pilot,39.61940882849354,6.980553480312143,1.2918475517997128,1.441160592659531,1.5331160825684846,1.6736915549399465,1.679895732860281,0.006144301653555538,1.0,0.006144301653555538,1.0,0.004981763078098352,1.0,1.0,0.004981763078098352
pilot,39.61940882849354,6.980553480312143,1.2918475517997128,1.441160592659531,1.5331160825684846,1.689419922146841,1.679895732860281,0.006144301653555538,1.0,0.006144301653555538,1.0,0.004981763078098352,1.0,1.0,0.004981763078098352
pilot,39.61940882849354,6.980553480312143,1.2918475517997128,1.441160592659531,1.5331160825684846,1.6842241434493497,1.679895732860281,0.006144301653555538,1.0,0.006144301653555538,1.0,0.004981763078098352,1.0,1.0,0.004981763078098352
pilot,39.61940882849354,6.980553480312143,1.2918475517997128,1.441160592659531,1.5331160825684846,1.6868323925852722,1.679895732860281,0.006144301653555538,1.0,0.006144301653555538,1.0,0.004981763078098352,1.0,1.0,0.004981763078098352
pilot,39.61940882849354,6.980553480312143,1.2918475517997128,1.441160592659531,1.5331160825684846,1.6807906624317346,1.679895732860281,0.006144301653555538,1.0,0.006144301653555538,1.0,0.004981763078098352,1.0,1.0,0.004981763078098352
pilot,39.61940882849354,6.980553480312143,1.2918475517997128,1.441160592659531,1.5331160825684846,1.679155193261444,1.679895732860281,0.006144301653555538,1.0,0.006144301653555538,1.0,0.004981763078098352,1.0,1.0,0.004981763078098352
pilot,39.61940882849354,6.980553480312143,1.2918475517997128,1.441160592659531,1.5331160825684846,1.6825053728423982,1.679895732860281,0.006144301653555538,1.0,0.006144301653555538,1.0,0.004981763078098352,1.0,1.0,0.004981763078098352
pilot,39.61940882849354,6.980553480312143,1.2918475517997128,1.441160592659531,1.5331160825684846,1.6860562592052126,1.679895732860281,0.006144301653555538,1.0,0.006144301653555538,1.0,0.004981763078098352,1.0,1.0,0.004981763078098352
pilot,39.61940882849354,6.980553480312143,1.2918475517997128,1.441160592659531,1.5331160825684846,1.6736037699300197,1.679895732860281,0.006144301653555538,1.0,0.006144301653555538,1.0,0.004981763078098352,1.0,1.0,0.004981763078098352
pilot,39.61940882849354,6.980553480312143,1.2918475517997128,1.441160592659531,1.5331160825684846,1.6820901728052169,1.679895732860281,0.006144301653555538,1.0,0.006144301653555538,1.0,0.004981763078098352,1.0,1.0,0.004981763078098352
pilot,39.61940882849354,6.980553480312143,1.2918475517997128,1.441160592659531,1.5331160825684846,1.6907102969315382,1.679895732860281,0.006144301653555538,1.0,0.006144301653555538,1.0,0.004981763078098352,1.0,1.0,0.004981763078098352
pilot,39.61940882849354,6.980553480312143,1.2918475517997128,1.441160592659531,1.5331160825684846,1.6732516285256642,1.679895732860281,0.006144301653555538,1.0,0.006144301653555538,1.0,0.004981763078098352,1.0,1.0,0.004981763078098352
pilot,41.424620338284754,4.091128898783261,0.6666654042633036,0.0872152980752407,1.932969524113904,1.867481441304044,1.8619300201352362,0.0038837724925073055,1.0,0.0038837724925073055,1.0,0.004981763078098352,1.0,1.0,0.004981763078098352
pilot,41.424620338284754,4.091128898783261,0.6666654042633036,0.0872152980752407,1.932969524113904,1.8655189630581184,1.8619300201352362,0.0038837724925073055,1.0,0.0038837724925073055,1.0,0.004981763078098352,1.0,1.0,0.004981763078098352
pilot,41.424620338284754,4.091128898783261,0.6666654042633036,0.0872152980752407,1.932969524113904,1.862104973666713,1.8619300201352362,0.0038837724925073055,1.0,0.0038837724925073055,1.0,0.004981763078098352,1.0,1.0,0.004981763078098352
pilot,41.424620338284754,4.091128898783261,0.6666654042633036,0.0872152980752407,1.932969524113904,1.8616013838336605,1.8619300201352362,0.0038837724925073055,1.0,0.0038837724925073055,1.0,0.004981763078098352,1.0,1.0,0.004981763078098352
pilot,41.424620338284754,4.091128898783261,0.6666654042633036,0.0872152980752407,1.932969524113904,1.8631036088535595,1.8619300201352362,0.0038837724925073055,1.0,0.0038837724925073055,1.0,0.004981763078098352,1.0,1.0,0.004981763078098352
pilot,41.424620338284754,4.091128898783261,0.6666654042633036,0.0872152980752407,1.932969524113904,1.860521801552675,1.8619300201352362,0.0038837724925073055,1.0,0.0038837724925073055,1.0,0.004981763078098352,1.0,1.0,0.004981763078098352
pilot,41.424620338284754,4.091128898783261,0.6666654042633036,0.0872152980752407,1.932969524113904,1.8600305798560453,1.8619300201352362,0.0038837724925073055,1.0,0.0038837724925073055,1.0,0.004981763078098352,1.0,1.0,0.004981763078098352
pilot,41.424620338284754,4.091128898783261,0.6666654042633036,0.0872152980752407,1.932969524113904,1.8566785453835293,1.8619300201352362,0.0038837724925073055,1.0,0.0038837724925073055,1.0,0.004981763078098352,1.0,1.0,0.004981763078098352
pilot,41.424620338284754,4.091128898783261,0.6666654042633036,0.0872152980752407,1.932969524113904,1.8573823349002327,1.8619300201352362,0.0038837724925073055,1.0,0.0038837724925073055,1.0,0.004981763078098352,1.0,1.0,0.004981763078098352
pilot,41.424620338284754,4.091128898783261,0.6666654042633036,0.0872152980752407,1.932969524113904,1.8553300521251828,1.8619300201352362,0.0038837724925073055,1.0,0.0038837724925073055,1.0,0.004981763078098352,1.0,1.0,0.004981763078098352
pilot,41.424620338284754,4.091128898783261,0.6666654042633036,0.0872152980752407,1.932969524113904,1.864075676479024,1.8619300201352362,0.0038837724925073055,1.0,0.0038837724925073055,1.0,0.004981763078098352,1.0,1.0,0.004981763078098352
pilot,41.424620338284754,4.091128898783261,0.6666654042633036,0.0872152980752407,1.932969524113904,1.8679257549342945,1.8619300201352362,0.0038837724925073055,1.0,0.0038837724925073055,1.0,0.004981763078098352,1.0,1.0,0.004981763078098352
pilot,41.424620338284754,4.091128898783261,0.6666654042633036,0.0872152980752407,1.932969524113904,1.862863515342157,1.8619300201352362,0.0038837724925073055,1.0,0.0038837724925073055,1.0,0.004981763078098352,1.0,1.0,0.004981763078098352
pilot,41.424620338284754,4.091128898783261,0.6666654042633036,0.0872152980752407,1.932969524113904,1.861402953289144,1.8619300201352362,0.0038837724925073055,1.0,0.0038837724925073055,1.0,0.004981763078098352,1.0,1.0,0.004981763078098352
pilot,41.424620338284754,4.091128898783261,0.6666654042633036,0.0872152980752407,1.932969524113904,1.861464234616374,1.8619300201352362,0.0038837724925073055,1.0,0.0038837724925073055,1.0,0.004981763078098352,1.0,1.0,0.004981763078098352
pilot,41.424620338284754,4.091128898783261,0.6666654042633036,0.0872152980752407,1.932969524113904,1.8650727958684787,1.8619300201352362,0.0038837724925073055,1.0,0.0038837724925073055,1.0,0.004981763078098352,1.0,1.0,0.004981763078098352
pilot,41.424620338284754,4.091128898783261,0.6666654042633036,0.0872152980752407,1.932969524113904,1.85468926835372,1.8619300201352362,0.0038837724925073055,1.0,0.0038837724925073055,1.0,0.004981763078098352,1.0,1.0,0.004981763078098352
pilot,41.424620338284754,4.091128898783261,0.6666654042633036,0.0872152980752407,1.932969524113904,1.8627905600154169,1.8619300201352362,0.0038837724925073055,1.0,0.0038837724925073055,1.0,0.004981763078098352,1.0,1.0,0.004981763078098352
pilot,41.424620338284754,4.091128898783261,0.6666654042633036,0.0872152980752407,1.932969524113904,1.860542898773553,1.8619300201352362,0.0038837724925073055,1.0,0.0038837724925073055,1.0,0.004981763078098352,1.0,1.0,0.004981763078098352
pilot,41.424620338284754,4.091128898783261,0.6666654042633036,0.0872152980752407,1.932969524113904,1.868019060498804,1.8619300201352362,0.0038837724925073055,1.0,0.0038837724925073055,1.0,0.004981763078098352,1.0,1.0,0.004981763078098352
pilot,55.709800882097134,6.8334792938170565,1.3111776433522968,1.1327709530788568,0.7029529355217974,1.3375216831049523,1.3445043345155665,0.00579772932664072,1.0,0.00579772932664072,1.0,0.004981763078098352,1.0,1.0,0.004981763078098352
pilot,55.709800882097134,6.8334792938170565,1.3111776433522968,1.1327709530788568,0.7029529355217974,1.3460987845393564,1.3445043345155665,0.00579772932664072,1.0,0.00579772932664072,1.0,0.004981763078098352,1.0,1.0,0.004981763078098352
pilot,55.709800882097134,6.8334792938170565,1.3111776433522968,1.1327709530788568,0.7029529355217974,1.34037779370876,1.3445043345155665,0.00579772932664072,1.0,0.00579772932664072,1.0,0.004981763078098352,1.0,1.0,0.004981763078098352
pilot,55.709800882097134,6.8334792938170565,1.3111776433522968,1.1327709530788568,0.7029529355217974,1.347300668543484,1.3445043345155665,0.00579772932664072,1.0,0.00579772932664072,1.0,0.004981763078098352,1.0,1.0,0.004981763078098352
pilot,55.709800882097134,6.8334792938170565,1.3111776433522968,1.1327709530788568,0.7029529355217974,1.3473231082956223,1.3445043345155665,0.00579772932664072,1.0,0.00579772932664072,1.0,0.004981763078098352,1.0,1.0,0.004981763078098352
pilot,55.709800882097134,6.8334792938170565,1.3111776433522968,1.1327709530788568,0.7029529355217974,1.3472429265784027,1.3445043345155665,0.00579772932664072,1.0,0.00579772932664072,1.0,0.004981763078098352,1.0,1.0,0.004981763078098352
pilot,55.709800882097134,6.8334792938170565,1.3111776433522968,1.1327709530788568,0.7029529355217974,1.3352887114222327,1.3445043345155665,0.00579772932664072,1.0,0.00579772932664072,1.0,0.004981763078098352,1.0,1.0,0.004981763078098352
pilot,55.709800882097134,6.8334792938170565,1.3111776433522968,1.1327709530788568,0.7029529355217974,1.3537591711973012,1.3445043345155665,0.00579772932664072,1.0,0.00579772932664072,1.0,0.004981763078098352,1.0,1.0,0.004981763078098352
pilot,55.709800882097134,6.8334792938170565,1.3111776433522968,1.1327709530788568,0.7029529355217974,1.3416644174236634,1.3445043345155665,0.00579772932664072,1.0,0.00579772932664072,1.0,0.004981763078098352,1.0,1.0,0.004981763078098352
pilot,55.709800882097134,6.8334792938170565,1.3111776433522968,1.1327709530788568,0.7029529355217974,1.3495358019456978,1.3445043345155665,0.00579772932664072,1.0,0.00579772932664072,1.0,0.004981763078098352,1.0,1.0,0.004981763078098352
pilot,55.709800882097134,6.8334792938170565,1.3111776433522968,1.1327709530788568,0.7029529355217974,1.3422794644444629,1.3445043345155665,0.00579772932664072,1.0,0.00579772932664072,1.0,0.004981763078098352,1.0,1.0,0.004981763078098352
pilot,55.709800882097134,6.8334792938170565,1.3111776433522968,1.1327709530788568,0.7029529355217974,1.3397463680585238,1.3445043345155665,0.00579772932664072,1.0,0.00579772932664072,1.0,0.004981763078098352,1.0,1.0,0.004981763078098352
pilot,55.709800882097134,6.8334792938170565,1.3111776433522968,1.1327709530788568,0.7029529355217974,1.3442237036110278,1.3445043345155665,0.00579772932664072,1.0,0.00579772932664072,1.0,0.004981763078098352,1.0,1.0,0.004981763078098352
pilot,55.709800882097134,6.8334792938170565,1.3111776433522968,1.1327709530788568,0.7029529355217974,1.3491761069278545,1.3445043345155665,0.00579772932664072,1.0,0.00579772932664072,1.0,0.004981763078098352,1.0,1.0,0.004981763078098352
pilot,55.709800882097134,6.8334792938170565,1.3111776433522968,1.1327709530788568,0.7029529355217974,1.349451747183132,1.3445043345155665,0.00579772932664072,1.0,0.00579772932664072,1.0,0.004981763078098352,1.0,1.0,0.004981763078098352
pilot,55.709800882097134,6.8334792938170565,1.3111776433522968,1.1327709530788568,0.7029529355217974,1.3502873243391176,1.3445043345155665,0.00579772932664072,1.0,0.00579772932664072,1.0,0.004981763078098352,1.0,1.0,0.004981763078098352
pilot,55.709800882097134,6.8334792938170565,1.3111776433522968,1.1327709530788568,0.7029529355217974,1.346944323666477,1.3445043345155665,0.00579772932664072,1.0,0.00579772932664072,1.0,0.004981763078098352,1.0,1.0,0.004981763078098352
pilot,55.709800882097134,6.8334792938170565,1.3111776433522968,1.1327709530788568,0.7029529355217974,1.3300805672419962,1.3445043345155665,0.00579772932664072,1.0,0.00579772932664072,1.0,0.004981763078098352,1.0,1.0,0.004981763078098352
pilot,55.709800882097134,6.8334792938170565,1.3111776433522968,1.1327709530788568,0.7029529355217974,1.342905037879897,1.3445043345155665,0.00579772932664072,1.0,0.00579772932664072,1.0,0.004981763078098352,1.0,1.0,0.004981763078098352
pilot,55.709800882097134,6.8334792938170565,1.3111776433522968,1.1327709530788568,0.7029529355217974,1.34887898019937,1.3445043345155665,0.00579772932664072,1.0,0.00579772932664072,1.0,0.004981763078098352,1.0,1.0,0.004981763078098352
pilot,43.958888759557816,6.0971709071278415,1.4400163634263363,1.3742097580272303,1.831677991344932,1.8452870015584613,1.8433482982476073,0.0037478308614461203,1.0,0.0037478308614461203,1.0,0.004981763078098352,1.0,1.0,0.004981763078098352
pilot,43.958888759557816,6.0971709071278415,1.4400163634263363,1.3742097580272303,1.831677991344932,1.8457224851455976,1.8433482982476073,0.0037478308614461203,1.0,0.0037478308614461203,1.0,0.004981763078098352,1.0,1.0,0.004981763078098352
pilot,43.958888759557816,6.0971709071278415,1.4400163634263363,1.3742097580272303,1.831677991344932,1.841979013160628,1.8433482982476073,0.0037478308614461203,1.0,0.0037478308614461203,1.0,0.004981763078098352,1.0,1.0,0.004981763078098352
pilot,43.958888759557816,6.0971709071278415,1.4400163634263363,1.3742097580272303,1.831677991344932,1.8380928300505093,1.8433482982476073,0.0037478308614461203,1.0,0.0037478308614461203,1.0,0.004981763078098352,1.0,1.0,0.004981763078098352
pilot,43.958888759557816,6.0971709071278415,1.4400163634263363,1.3742097580272303,1.831677991344932,1.838696402110848,1.8433482982476073,0.0037478308614461203,1.0,0.0037478308614461203,1.0,0.004981763078098352,1.0,1.0,0.004981763078098352
pilot,43.958888759557816,6.0971709071278415,1.4400163634263363,1.3742097580272303,1.831677991344932,1.8486766328806945,1.8433482982476073,0.0037478308614461203,1.0,0.0037478308614461203,1.0,0.004981763078098352,1.0,1.0,0.004981763078098352
pilot,43.958888759557816,6.0971709071278415,1.4400163634263363,1.3742097580272303,1.831677991344932,1.850569976976156,1.8433482982476073,0.0037478308614461203,1.0,0.0037478308614461203,1.0,0.004981763078098352,1.0,1.0,0.004981763078098352
pilot,43.958888759557816,6.0971709071278415,1.4400163634263363,1.3742097580272303,1.831677991344932,1.838363556960948,1.8433482982476073,0.0037478308614461203,1.0,0.0037478308614461203,1.0,0.004981763078098352,1.0,1.0,0.004981763078098352
pilot,43.958888759557816,6.0971709071278415,1.4400163634263363,1.3742097580272303,1.831677991344932,1.84323628950572,1.8433482982476073,0.0037478308614461203,1.0,0.0037478308614461203,1.0,0.004981763078098352,1.0,1.0,0.004981763078098352
pilot,43.958888759557816,6.0971709071278415,1.4400163634263363,1.3742097580272303,1.831677991344932,1.843683186325028,1.8433482982476073,0.0037478308614461203,1.0,0.0037478308614461203,1.0,0.004981763078098352,1.0,1.0,0.004981763078098352
pilot,43.958888759557816,6.0971709071278415,1.4400163634263363,1.3742097580272303,1.831677991344932,1.84215523138448,1.8433482982476073,0.0037478308614461203,1.0,0.0037478308614461203,1.0,0.004981763078098352,1.0,1.0,0.004981763078098352
pilot,43.958888759557816,6.0971709071278415,1.4400163634263363,1.3742097580272303,1.831677991344932,1.8447956146768425,1.8433482982476073,0.0037478308614461203,1.0,0.0037478308614461203,1.0,0.004981763078098352,1.0,1.0,0.004981763078098352
pilot,43.958888759557816,6.0971709071278415,1.4400163634263363,1.3742097580272303,1.831677991344932,1.846313134565584,1.8433482982476073,0.0037478308614461203,1.0,0.0037478308614461203,1.0,0.004981763078098352,1.0,1.0,0.004981763078098352
pilot,43.958888759557816,6.0971709071278415,1.4400163634263363,1.3742097580272303,1.831677991344932,1.8445311674160625,1.8433482982476073,0.0037478308614461203,1.0,0.0037478308614461203,1.0,0.004981763078098352,1.0,1.0,0.004981763078098352
pilot,43.958888759557816,6.0971709071278415,1.4400163634263363,1.3742097580272303,1.831677991344932,1.839261866476978,1.8433482982476073,0.0037478308614461203,1.0,0.0037478308614461203,1.0,0.004981763078098352,1.0,1.0,0.004981763078098352
pilot,43.958888759557816,6.0971709071278415,1.4400163634263363,1.3742097580272303,1.831677991344932,1.85001524763372,1.8433482982476073,0.0037478308614461203,1.0,0.0037478308614461203,1.0,0.004981763078098352,1.0,1.0,0.004981763078098352
pilot,43.958888759557816,6.0971709071278415,1.4400163634263363,1.3742097580272303,1.831677991344932,1.8421371193923408,1.8433482982476073,0.0037478308614461203,1.0,0.0037478308614461203,1.0,0.004981763078098352,1.0,1.0,0.004981763078098352
pilot,43.958888759557816,6.0971709071278415,1.4400163634263363,1.3742097580272303,1.831677991344932,1.8397964479425213,1.8433482982476073,0.0037478308614461203,1.0,0.0037478308614461203,1.0,0.004981763078098352,1.0,1.0,0.004981763078098352
pilot,43.958888759557816,6.0971709071278415,1.4400163634263363,1.3742097580272303,1.831677991344932,1.8437319280744409,1.8433482982476073,0.0037478308614461203,1.0,0.0037478308614461203,1.0,0.004981763078098352,1.0,1.0,0.004981763078098352
pilot,43.958888759557816,6.0971709071278415,1.4400163634263363,1.3742097580272303,1.831677991344932,1.8399208327145808,1.8433482982476073,0.0037478308614461203,1.0,0.0037478308614461203,1.0,0.004981763078098352,1.0,1.0,0.004981763078098352
pilot,37.60871580336107,3.275721842607868,1.9812303006809475,0.6637013606394155,0.6785517678283386,1.3565423039826132,1.3531749561543949,0.004455626164175108,1.0,0.004455626164175108,1.0,0.004981763078098352,1.0,1.0,0.004981763078098352
pilot,37.60871580336107,3.275721842607868,1.9812303006809475,0.6637013606394155,0.6785517678283386,1.350839822882696,1.3531749561543949,0.004455626164175108,1.0,0.004455626164175108,1.0,0.004981763078098352,1.0,1.0,0.004981763078098352
pilot,37.60871580336107,3.275721842607868,1.9812303006809475,0.6637013606394155,0.6785517678283386,1.3466033636699692,1.3531749561543949,0.004455626164175108,1.0,0.004455626164175108,1.0,0.004981763078098352,1.0,1.0,0.004981763078098352
pilot,37.60871580336107,3.275721842607868,1.9812303006809475,0.6637013606394155,0.6785517678283386,1.3570942513463038,1.3531749561543949,0.004455626164175108,1.0,0.004455626164175108,1.0,0.004981763078098352,1.0,1.0,0.004981763078098352
pilot,37.60871580336107,3.275721842607868,1.9812303006809475,0.6637013606394155,0.6785517678283386,1.3504419862483827,1.3531749561543949,0.004455626164175108,1.0,0.004455626164175108,1.0,0.004981763078098352,1.0,1.0,0.004981763078098352
pilot,37.60871580336107,3.275721842607868,1.9812303006809475,0.6637013606394155,0.6785517678283386,1.354955075522851,1.3531749561543949,0.004455626164175108,1.0,0.004455626164175108,1.0,0.004981763078098352,1.0,1.0,0.004981763078098352
pilot,37.60871580336107,3.275721842607868,1.9812303006809475,0.6637013606394155,0.6785517678283386,1.3498687744701372,1.3531749561543949,0.004455626164175108,1.0,0.004455626164175108,1.0,0.004981763078098352,1.0,1.0,0.004981763078098352
pilot,37.60871580336107,3.275721842607868,1.9812303006809475,0.6637013606394155,0.6785517678283386,1.349886627991673,1.3531749561543949,0.004455626164175108,1.0,0.004455626164175108,1.0,0.004981763078098352,1.0,1.0,0.004981763078098352
pilot,37.60871580336107,3.275721842607868,1.9812303006809475,0.6637013606394155,0.6785517678283386,1.3497702505667613,1.3531749561543949,0.004455626164175108,1.0,0.004455626164175108,1.0,0.004981763078098352,1.0,1.0,0.004981763078098352
pilot,37.60871580336107,3.275721842607868,1.9812303006809475,0.6637013606394155,0.6785517678283386,1.3474412034307055,1.3531749561543949,0.004455626164175108,1.0,0.004455626164175108,1.0,0.004981763078098352,1.0,1.0,0.004981763078098352
pilot,37.60871580336107,3.275721842607868,1.9812303006809475,0.6637013606394155,0.6785517678283386,1.3503779347250613,1.3531749561543949,0.004455626164175108,1.0,0.004455626164175108,1.0,0.004981763078098352,1.0,1.0,0.004981763078098352
pilot,37.60871580336107,3.275721842607868,1.9812303006809475,0.6637013606394155,0.6785517678283386,1.3509507784461108,1.3531749561543949,0.004455626164175108,1.0,0.004455626164175108,1.0,0.004981763078098352,1.0,1.0,0.004981763078098352
pilot,37.60871580336107,3.275721842607868,1.9812303006809475,0.6637013606394155,0.6785517678283386,1.3602492640611883,1.3531749561543949,0.004455626164175108,1.0,0.004455626164175108,1.0,0.004981763078098352,1.0,1.0,0.004981763078098352
pilot,37.60871580336107,3.275721842607868,1.9812303006809475,0.6637013606394155,0.6785517678283386,1.3481540007409143,1.3531749561543949,0.004455626164175108,1.0,0.004455626164175108,1.0,0.004981763078098352,1.0,1.0,0.004981763078098352
pilot,37.60871580336107,3.275721842607868,1.9812303006809475,0.6637013606394155,0.6785517678283386,1.350166499519572,1.3531749561543949,0.004455626164175108,1.0,0.004455626164175108,1.0,0.004981763078098352,1.0,1.0,0.004981763078098352
pilot,37.60871580336107,3.275721842607868,1.9812303006809475,0.6637013606394155,0.6785517678283386,1.3574070143884946,1.3531749561543949,0.004455626164175108,1.0,0.004455626164175108,1.0,0.004981763078098352,1.0,1.0,0.004981763078098352
pilot,37.60871580336107,3.275721842607868,1.9812303006809475,0.6637013606394155,0.6785517678283386,1.3600729288466722,1.3531749561543949,0.004455626164175108,1.0,0.004455626164175108,1.0,0.004981763078098352,1.0,1.0,0.004981763078098352
pilot,37.60871580336107,3.275721842607868,1.9812303006809475,0.6637013606394155,0.6785517678283386,1.356554245458109,1.3531749561543949,0.004455626164175108,1.0,0.004455626164175108,1.0,0.004981763078098352,1.0,1.0,0.004981763078098352
pilot,37.60871580336107,3.275721842607868,1.9812303006809475,0.6637013606394155,0.6785517678283386,1.3567832030135871,1.3531749561543949,0.004455626164175108,1.0,0.004455626164175108,1.0,0.004981763078098352,1.0,1.0,0.004981763078098352
pilot,37.60871580336107,3.275721842607868,1.9812303006809475,0.6637013606394155,0.6785517678283386,1.3593395937760926,1.3531749561543949,0.004455626164175108,1.0,0.004455626164175108,1.0,0.004981763078098352,1.0,1.0,0.004981763078098352
pilot,48.703967150703576,3.466868022524859,1.094398042907085,0.3402742512489348,1.4650688579209097,1.642344471458638,1.6351361045220707,0.005423313247748768,1.0,0.005423313247748768,1.0,0.004981763078098352,1.0,1.0,0.004981763078098352
pilot,48.703967150703576,3.466868022524859,1.094398042907085,0.3402742512489348,1.4650688579209097,1.6442287331084522,1.6351361045220707,0.005423313247748768,1.0,0.005423313247748768,1.0,0.004981763078098352,1.0,1.0,0.004981763078098352
pilot,48.703967150703576,3.466868022524859,1.094398042907085,0.3402742512489348,1.4650688579209097,1.639703596690732,1.6351361045220707,0.005423313247748768,1.0,0.005423313247748768,1.0,0.004981763078098352,1.0,1.0,0.004981763078098352
pilot,48.703967150703576,3.466868022524859,1.094398042907085,0.3402742512489348,1.4650688579209097,1.634339814788964,1.6351361045220707,0.005423313247748768,1.0,0.005423313247748768,1.0,0.004981763078098352,1.0,1.0,0.004981763078098352
pilot,48.703967150703576,3.466868022524859,1.094398042907085,0.3402742512489348,1.4650688579209097,1.6278435682661214,1.6351361045220707,0.005423313247748768,1.0,0.005423313247748768,1.0,0.004981763078098352,1.0,1.0,0.004981763078098352
pilot,48.703967150703576,3.466868022524859,1.094398042907085,0.3402742512489348,1.4650688579209097,1.6351528337957375,1.6351361045220707,0.005423313247748768,1.0,0.005423313247748768,1.0,0.004981763078098352,1.0,1.0,0.004981763078098352
pilot,48.703967150703576,3.466868022524859,1.094398042907085,0.3402742512489348,1.4650688579209097,1.6307016684404303,1.6351361045220707,0.005423313247748768,1.0,0.005423313247748768,1.0,0.004981763078098352,1.0,1.0,0.004981763078098352
pilot,48.703967150703576,3.466868022524859,1.094398042907085,0.3402742512489348,1.4650688579209097,1.6313247515188374,1.6351361045220707,0.005423313247748768,1.0,0.005423313247748768,1.0,0.004981763078098352,1.0,1.0,0.004981763078098352
pilot,48.703967150703576,3.466868022524859,1.094398042907085,0.3402742512489348,1.4650688579209097,1.634709494487421,1.6351361045220707,0.005423313247748768,1.0,0.005423313247748768,1.0,0.004981763078098352,1.0,1.0,0.004981763078098352
pilot,48.703967150703576,3.466868022524859,1.094398042907085,0.3402742512489348,1.4650688579209097,1.6319839707989043,1.6351361045220707,0.005423313247748768,1.0,0.005423313247748768,1.0,0.004981763078098352,1.0,1.0,0.004981763078098352
pilot,48.703967150703576,3.466868022524859,1.094398042907085,0.3402742512489348,1.4650688579209097,1.6390358618969283,1.6351361045220707,0.005423313247748768,1.0,0.005423313247748768,1.0,0.004981763078098352,1.0,1.0,0.004981763078098352
pilot,48.703967150703576,3.466868022524859,1.094398042907085,0.3402742512489348,1.4650688579209097,1.6354044422126102,1.6351361045220707,0.005423313247748768,1.0,0.005423313247748768,1.0,0.004981763078098352,1.0,1.0,0.004981763078098352
pilot,48.703967150703576,3.466868022524859,1.094398042907085,0.3402742512489348,1.4650688579209097,1.6228944088717432,1.6351361045220707,0.005423313247748768,1.0,0.005423313247748768,1.0,0.004981763078098352,1.0,1.0,0.004981763078098352
pilot,48.703967150703576,3.466868022524859,1.094398042907085,0.3402742512489348,1.4650688579209097,1.6309743259016358,1.6351361045220707,0.005423313247748768,1.0,0.005423313247748768,1.0,0.004981763078098352,1.0,1.0,0.004981763078098352
pilot,48.703967150703576,3.466868022524859,1.094398042907085,0.3402742512489348,1.4650688579209097,1.6359791675628146,1.6351361045220707,0.005423313247748768,1.0,0.005423313247748768,1.0,0.004981763078098352,1.0,1.0,0.004981763078098352
pilot,48.703967150703576,3.466868022524859,1.094398042907085,0.3402742512489348,1.4650688579209097,1.640585099607936,1.6351361045220707,0.005423313247748768,1.0,0.005423313247748768,1.0,0.004981763078098352,1.0,1.0,0.004981763078098352
pilot,48.703967150703576,3.466868022524859,1.094398042907085,0.3402742512489348,1.4650688579209097,1.6408779796815447,1.6351361045220707,0.005423313247748768,1.0,0.005423313247748768,1.0,0.004981763078098352,1.0,1.0,0.004981763078098352
pilot,48.703967150703576,3.466868022524859,1.094398042907085,0.3402742512489348,1.4650688579209097,1.635592602501361,1.6351361045220707,0.005423313247748768,1.0,0.005423313247748768,1.0,0.004981763078098352,1.0,1.0,0.004981763078098352
pilot,48.703967150703576,3.466868022524859,1.094398042907085,0.3402742512489348,1.4650688579209097,1.6291180380966024,1.6351361045220707,0.005423313247748768,1.0,0.005423313247748768,1.0,0.004981763078098352,1.0,1.0,0.004981763078098352
pilot,48.703967150703576,3.466868022524859,1.094398042907085,0.3402742512489348,1.4650688579209097,1.6399272607539983,1.6351361045220707,0.005423313247748768,1.0,0.005423313247748768,1.0,0.004981763078098352,1.0,1.0,0.004981763078098352
pilot,57.40281894591387,3.8800940326438527,1.8688155226632008,0.5833473937646405,1.2960230928946288,1.5725173051990962,1.5813665444096006,0.005772523210104199,1.0,0.005772523210104199,1.0,0.004981763078098352,1.0,1.0,0.004981763078098352
pilot,57.40281894591387,3.8800940326438527,1.8688155226632008,0.5833473937646405,1.2960230928946288,1.5804332746853846,1.5813665444096006,0.005772523210104199,1.0,0.005772523210104199,1.0,0.004981763078098352,1.0,1.0,0.004981763078098352
pilot,57.40281894591387,3.8800940326438527,1.8688155226632008,0.5833473937646405,1.2960230928946288,1.5838825875905636,1.5813665444096006,0.005772523210104199,1.0,0.005772523210104199,1.0,0.004981763078098352,1.0,1.0,0.004981763078098352
pilot,57.40281894591387,3.8800940326438527,1.8688155226632008,0.5833473937646405,1.2960230928946288,1.5759439694415045,1.5813665444096006,0.005772523210104199,1.0,0.005772523210104199,1.0,0.004981763078098352,1.0,1.0,0.004981763078098352
pilot,57.40281894591387,3.8800940326438527,1.8688155226632008,0.5833473937646405,1.2960230928946288,1.5786977949679568,1.5813665444096006,0.005772523210104199,1.0,0.005772523210104199,1.0,0.004981763078098352,1.0,1.0,0.004981763078098352
pilot,57.40281894591387,3.8800940326438527,1.8688155226632008,0.5833473937646405,1.2960230928946288,1.5852654385758265,1.5813665444096006,0.005772523210104199,1.0,0.005772523210104199,1.0,0.004981763078098352,1.0,1.0,0.004981763078098352
pilot,57.40281894591387,3.8800940326438527,1.8688155226632008,0.5833473937646405,1.2960230928946288,1.5844213782878709,1.5813665444096006,0.005772523210104199,1.0,0.005772523210104199,1.0,0.004981763078098352,1.0,1.0,0.004981763078098352
pilot,57.40281894591387,3.8800940326438527,1.8688155226632008,0.5833473937646405,1.2960230928946288,1.5793169904490565,1.5813665444096006,0.005772523210104199,1.0,0.005772523210104199,1.0,0.004981763078098352,1.0,1.0,0.004981763078098352
pilot,57.40281894591387,3.8800940326438527,1.8688155226632008,0.5833473937646405,1.2960230928946288,1.5762958826927562,1.5813665444096006,0.005772523210104199,1.0,0.005772523210104199,1.0,0.004981763078098352,1.0,1.0,0.004981763078098352
pilot,57.40281894591387,3.8800940326438527,1.8688155226632008,0.5833473937646405,1.2960230928946288,1.5842607516595997,1.5813665444096006,0.005772523210104199,1.0,0.005772523210104199,1.0,0.004981763078098352,1.0,1.0,0.004981763078098352
pilot,57.40281894591387,3.8800940326438527,1.8688155226632008,0.5833473937646405,1.2960230928946288,1.5813025288242142,1.5813665444096006,0.005772523210104199,1.0,0.005772523210104199,1.0,0.004981763078098352,1.0,1.0,0.004981763078098352
pilot,57.40281894591387,3.8800940326438527,1.8688155226632008,0.5833473937646405,1.2960230928946288,1.5761873419389918,1.5813665444096006,0.005772523210104199,1.0,0.005772523210104199,1.0,0.004981763078098352,1.0,1.0,0.004981763078098352
pilot,57.40281894591387,3.8800940326438527,1.8688155226632008,0.5833473937646405,1.2960230928946288,1.5975918270762937,1.5813665444096006,0.005772523210104199,1.0,0.005772523210104199,1.0,0.004981763078098352,1.0,1.0,0.004981763078098352
pilot,57.40281894591387,3.8800940326438527,1.8688155226632008,0.5833473937646405,1.2960230928946288,1.5808129995976838,1.5813665444096006,0.005772523210104199,1.0,0.005772523210104199,1.0,0.004981763078098352,1.0,1.0,0.004981763078098352
pilot,57.40281894591387,3.8800940326438527,1.8688155226632008,0.5833473937646405,1.2960230928946288,1.5741656707633545,1.5813665444096006,0.005772523210104199,1.0,0.005772523210104199,1.0,0.004981763078098352,1.0,1.0,0.004981763078098352
pilot,57.40281894591387,3.8800940326438527,1.8688155226632008,0.5833473937646405,1.2960230928946288,1.5858327639093626,1.5813665444096006,0.005772523210104199,1.0,0.005772523210104199,1.0,0.004981763078098352,1.0,1.0,0.004981763078098352
pilot,57.40281894591387,3.8800940326438527,1.8688155226632008,0.5833473937646405,1.2960230928946288,1.5851206119972585,1.5813665444096006,0.005772523210104199,1.0,0.005772523210104199,1.0,0.004981763078098352,1.0,1.0,0.004981763078098352
pilot,57.40281894591387,3.8800940326438527,1.8688155226632008,0.5833473937646405,1.2960230928946288,1.586892843594049,1.5813665444096006,0.005772523210104199,1.0,0.005772523210104199,1.0,0.004981763078098352,1.0,1.0,0.004981763078098352
pilot,57.40281894591387,3.8800940326438527,1.8688155226632008,0.5833473937646405,1.2960230928946288,1.57519469517027,1.5813665444096006,0.005772523210104199,1.0,0.005772523210104199,1.0,0.004981763078098352,1.0,1.0,0.004981763078098352
pilot,57.40281894591387,3.8800940326438527,1.8688155226632008,0.5833473937646405,1.2960230928946288,1.5831942317709142,1.5813665444096006,0.005772523210104199,1.0,0.005772523210104199,1.0,0.004981763078098352,1.0,1.0,0.004981763078098352
pilot,22.30666703293128,7.337838378433006,0.8233756110966223,0.9297120057177356,0.8987876356220557,1.3966420352361733,1.3870067410116245,0.005462981899675253,1.0,0.005462981899675253,1.0,0.004981763078098352,1.0,1.0,0.004981763078098352
pilot,22.30666703293128,7.337838378433006,0.8233756110966223,0.9297120057177356,0.8987876356220557,1.3939292763210598,1.3870067410116245,0.005462981899675253,1.0,0.005462981899675253,1.0,0.004981763078098352,1.0,1.0,0.004981763078098352
pilot,22.30666703293128,7.337838378433006,0.8233756110966223,0.9297120057177356,0.8987876356220557,1.3841440504809466,1.3870067410116245,0.005462981899675253,1.0,0.005462981899675253,1.0,0.004981763078098352,1.0,1.0,0.004981763078098352
pilot,22.30666703293128,7.337838378433006,0.8233756110966223,0.9297120057177356,0.8987876356220557,1.379830817013124,1.3870067410116245,0.005462981899675253,1.0,0.005462981899675253,1.0,0.004981763078098352,1.0,1.0,0.004981763078098352
pilot,22.30666703293128,7.337838378433006,0.8233756110966223,0.9297120057177356,0.8987876356220557,1.3803131910667612,1.3870067410116245,0.005462981899675253,1.0,0.005462981899675253,1.0,0.004981763078098352,1.0,1.0,0.004981763078098352
pilot,22.30666703293128,7.337838378433006,0.8233756110966223,0.9297120057177356,0.8987876356220557,1.3883527771757576,1.3870067410116245,0.005462981899675253,1.0,0.005462981899675253,1.0,0.004981763078098352,1.0,1.0,0.004981763078098352
pilot,22.30666703293128,7.337838378433006,0.8233756110966223,0.9297120057177356,0.8987876356220557,1.38213522228277,1.3870067410116245,0.005462981899675253,1.0,0.005462981899675253,1.0,0.004981763078098352,1.0,1.0,0.004981763078098352
pilot,22.30666703293128,7.337838378433006,0.8233756110966223,0.9297120057177356,0.8987876356220557,1.3959676579617262,1.3870067410116245,0.005462981899675253,1.0,0.005462981899675253,1.0,0.004981763078098352,1.0,1.0,0.004981763078098352
pilot,22.30666703293128,7.337838378433006,0.8233756110966223,0.9297120057177356,0.8987876356220557,1.3888801192338636,1.3870067410116245,0.005462981899675253,1.0,0.005462981899675253,1.0,0.004981763078098352,1.0,1.0,0.004981763078098352
pilot,22.30666703293128,7.337838378433006,0.8233756110966223,0.9297120057177356,0.8987876356220557,1.3868537435174997,1.3870067410116245,0.005462981899675253,1.0,0.005462981899675253,1.0,0.004981763078098352,1.0,1.0,0.004981763078098352
pilot,22.30666703293128,7.337838378433006,0.8233756110966223,0.9297120057177356,0.8987876356220557,1.392989100112562,1.3870067410116245,0.005462981899675253,1.0,0.005462981899675253,1.0,0.004981763078098352,1.0,1.0,0.004981763078098352
pilot,22.30666703293128,7.337838378433006,0.8233756110966223,0.9297120057177356,0.8987876356220557,1.3821181047681166,1.3870067410116245,0.005462981899675253,1.0,0.005462981899675253,1.0,0.004981763078098352,1.0,1.0,0.004981763078098352
pilot,22.30666703293128,7.337838378433006,0.8233756110966223,0.9297120057177356,0.8987876356220557,1.3899394384826622,1.3870067410116245,0.005462981899675253,1.0,0.005462981899675253,1.0,0.004981763078098352,1.0,1.0,0.004981763078098352
pilot,22.30666703293128,7.337838378433006,0.8233756110966223,0.9297120057177356,0.8987876356220557,1.3828585645699565,1.3870067410116245,0.005462981899675253,1.0,0.005462981899675253,1.0,0.004981763078098352,1.0,1.0,0.004981763078098352
pilot,22.30666703293128,7.337838378433006,0.8233756110966223,0.9297120057177356,0.8987876356220557,1.3841483361043248,1.3870067410116245,0.005462981899675253,1.0,0.005462981899675253,1.0,0.004981763078098352,1.0,1.0,0.004981763078098352
pilot,22.30666703293128,7.337838378433006,0.8233756110966223,0.9297120057177356,0.8987876356220557,1.391858397092123,1.3870067410116245,0.005462981899675253,1.0,0.005462981899675253,1.0,0.004981763078098352,1.0,1.0,0.004981763078098352
pilot,22.30666703293128,7.337838378433006,0.8233756110966223,0.9297120057177356,0.8987876356220557,1.391549972147761,1.3870067410116245,0.005462981899675253,1.0,0.005462981899675253,1.0,0.004981763078098352,1.0,1.0,0.004981763078098352
pilot,22.30666703293128,7.337838378433006,0.8233756110966223,0.9297120057177356,0.8987876356220557,1.3818612839632214,1.3870067410116245,0.005462981899675253,1.0,0.005462981899675253,1.0,0.004981763078098352,1.0,1.0,0.004981763078098352
pilot,22.30666703293128,7.337838378433006,0.8233756110966223,0.9297120057177356,0.8987876356220557,1.3802305878186798,1.3870067410116245,0.005462981899675253,1.0,0.005462981899675253,1.0,0.004981763078098352,1.0,1.0,0.004981763078098352
pilot,22.30666703293128,7.337838378433006,0.8233756110966223,0.9297120057177356,0.8987876356220557,1.3855321448833988,1.3870067410116245,0.005462981899675253,1.0,0.005462981899675253,1.0,0.004981763078098352,1.0,1.0,0.004981763078098352
pilot,33.61558816494481,4.958274512255484,0.0140481445764947,1.8796513395270469,0.2690255203463936,0.8582533847001116,0.8576007810167241,0.004711611886329454,1.0,0.004711611886329454,1.0,0.004981763078098352,1.0,1.0,0.004981763078098352
pilot,33.61558816494481,4.958274512255484,0.0140481445764947,1.8796513395270469,0.2690255203463936,0.8566273013787561,0.8576007810167241,0.004711611886329454,1.0,0.004711611886329454,1.0,0.004981763078098352,1.0,1.0,0.004981763078098352
pilot,33.61558816494481,4.958274512255484,0.0140481445764947,1.8796513395270469,0.2690255203463936,0.8511191209093543,0.8576007810167241,0.004711611886329454,1.0,0.004711611886329454,1.0,0.004981763078098352,1.0,1.0,0.004981763078098352
pilot,33.61558816494481,4.958274512255484,0.0140481445764947,1.8796513395270469,0.2690255203463936,0.8638846274752746,0.8576007810167241,0.004711611886329454,1.0,0.004711611886329454,1.0,0.004981763078098352,1.0,1.0,0.004981763078098352
pilot,33.61558816494481,4.958274512255484,0.0140481445764947,1.8796513395270469,0.2690255203463936,0.8584304806372004,0.8576007810167241,0.004711611886329454,1.0,0.004711611886329454,1.0,0.004981763078098352,1.0,1.0,0.004981763078098352
pilot,33.61558816494481,4.958274512255484,0.0140481445764947,1.8796513395270469,0.2690255203463936,0.8626091255823757,0.8576007810167241,0.004711611886329454,1.0,0.004711611886329454,1.0,0.004981763078098352,1.0,1.0,0.004981763078098352
pilot,33.61558816494481,4.958274512255484,0.0140481445764947,1.8796513395270469,0.2690255203463936,0.8636736429191466,0.8576007810167241,0.004711611886329454,1.0,0.004711611886329454,1.0,0.004981763078098352,1.0,1.0,0.004981763078098352
pilot,33.61558816494481,4.958274512255484,0.0140481445764947,1.8796513395270469,0.2690255203463936,0.8479705009494736,0.8576007810167241,0.004711611886329454,1.0,0.004711611886329454,1.0,0.004981763078098352,1.0,1.0,0.004981763078098352
pilot,33.61558816494481,4.958274512255484,0.0140481445764947,1.8796513395270469,0.2690255203463936,0.8572503608597294,0.8576007810167241,0.004711611886329454,1.0,0.004711611886329454,1.0,0.004981763078098352,1.0,1.0,0.004981763078098352
pilot,33.61558816494481,4.958274512255484,0.0140481445764947,1.8796513395270469,0.2690255203463936,0.8593204648605577,0.8576007810167241,0.004711611886329454,1.0,0.004711611886329454,1.0,0.004981763078098352,1.0,1.0,0.004981763078098352
pilot,33.61558816494481,4.958274512255484,0.0140481445764947,1.8796513395270469,0.2690255203463936,0.8573311450595206,0.8576007810167241,0.004711611886329454,1.0,0.004711611886329454,1.0,0.004981763078098352,1.0,1.0,0.004981763078098352
pilot,33.61558816494481,4.958274512255484,0.0140481445764947,1.8796513395270469,0.2690255203463936,0.8568622884501429,0.8576007810167241,0.004711611886329454,1.0,0.004711611886329454,1.0,0.004981763078098352,1.0,1.0,0.004981763078098352
pilot,33.61558816494481,4.958274512255484,0.0140481445764947,1.8796513395270469,0.2690255203463936,0.8599332205763087,0.8576007810167241,0.004711611886329454,1.0,0.004711611886329454,1.0,0.004981763078098352,1.0,1.0,0.004981763078098352
pilot,33.61558816494481,4.958274512255484,0.0140481445764947,1.8796513395270469,0.2690255203463936,0.8656998018246499,0.8576007810167241,0.004711611886329454,1.0,0.004711611886329454,1.0,0.004981763078098352,1.0,1.0,0.004981763078098352
pilot,33.61558816494481,4.958274512255484,0.0140481445764947,1.8796513395270469,0.2690255203463936,0.8510682614336623,0.8576007810167241,0.004711611886329454,1.0,0.004711611886329454,1.0,0.004981763078098352,1.0,1.0,0.004981763078098352
pilot,33.61558816494481,4.958274512255484,0.0140481445764947,1.8796513395270469,0.2690255203463936,0.852340575772836,0.8576007810167241,0.004711611886329454,1.0,0.004711611886329454,1.0,0.004981763078098352,1.0,1.0,0.004981763078098352
pilot,33.61558816494481,4.958274512255484,0.0140481445764947,1.8796513395270469,0.2690255203463936,0.8528006937746698,0.8576007810167241,0.004711611886329454,1.0,0.004711611886329454,1.0,0.004981763078098352,1.0,1.0,0.004981763078098352
pilot,33.61558816494481,4.958274512255484,0.0140481445764947,1.8796513395270469,0.2690255203463936,0.8610489466404139,0.8576007810167241,0.004711611886329454,1.0,0.004711611886329454,1.0,0.004981763078098352,1.0,1.0,0.004981763078098352
pilot,33.61558816494481,4.958274512255484,0.0140481445764947,1.8796513395270469,0.2690255203463936,0.8591880103495028,0.8576007810167241,0.004711611886329454,1.0,0.004711611886329454,1.0,0.004981763078098352,1.0,1.0,0.004981763078098352
pilot,33.61558816494481,4.958274512255484,0.0140481445764947,1.8796513395270469,0.2690255203463936,0.856603666180797,0.8576007810167241,0.004711611886329454,1.0,0.004711611886329454,1.0,0.004981763078098352,1.0,1.0,0.004981763078098352
pilot,44.35181534732877,7.991255296914801,1.6527404595545132,1.908493788123048,1.6019225548607765,1.7216596474762278,1.720836041682827,0.006356503600024084,1.0,0.006356503600024084,1.0,0.004981763078098352,1.0,1.0,0.004981763078098352
pilot,44.35181534732877,7.991255296914801,1.6527404595545132,1.908493788123048,1.6019225548607765,1.7295370172013824,1.720836041682827,0.006356503600024084,1.0,0.006356503600024084,1.0,0.004981763078098352,1.0,1.0,0.004981763078098352
pilot,44.35181534732877,7.991255296914801,1.6527404595545132,1.908493788123048,1.6019225548607765,1.725727436911103,1.720836041682827,0.006356503600024084,1.0,0.006356503600024084,1.0,0.004981763078098352,1.0,1.0,0.004981763078098352
pilot,44.35181534732877,7.991255296914801,1.6527404595545132,1.908493788123048,1.6019225548607765,1.7330403291203649,1.720836041682827,0.006356503600024084,1.0,0.006356503600024084,1.0,0.004981763078098352,1.0,1.0,0.004981763078098352
pilot,44.35181534732877,7.991255296914801,1.6527404595545132,1.908493788123048,1.6019225548607765,1.7200291980292848,1.720836041682827,0.006356503600024084,1.0,0.006356503600024084,1.0,0.004981763078098352,1.0,1.0,0.004981763078098352
pilot,44.35181534732877,7.991255296914801,1.6527404595545132,1.908493788123048,1.6019225548607765,1.720385739387431,1.720836041682827,0.006356503600024084,1.0,0.006356503600024084,1.0,0.004981763078098352,1.0,1.0,0.004981763078098352
pilot,44.35181534732877,7.991255296914801,1.6527404595545132,1.908493788123048,1.6019225548607765,1.7204745783071935,1.720836041682827,0.006356503600024084,1.0,0.006356503600024084,1.0,0.004981763078098352,1.0,1.0,0.004981763078098352
pilot,44.35181534732877,7.991255296914801,1.6527404595545132,1.908493788123048,1.6019225548607765,1.7151948468397036,1.720836041682827,0.006356503600024084,1.0,0.006356503600024084,1.0,0.004981763078098352,1.0,1.0,0.004981763078098352
pilot,44.35181534732877,7.991255296914801,1.6527404595545132,1.908493788123048,1.6019225548607765,1.7130434522533182,1.720836041682827,0.006356503600024084,1.0,0.006356503600024084,1.0,0.004981763078098352,1.0,1.0,0.004981763078098352
pilot,44.35181534732877,7.991255296914801,1.6527404595545132,1.908493788123048,1.6019225548607765,1.7196089062487023,1.720836041682827,0.006356503600024084,1.0,0.006356503600024084,1.0,0.004981763078098352,1.0,1.0,0.004981763078098352
pilot,44.35181534732877,7.991255296914801,1.6527404595545132,1.908493788123048,1.6019225548607765,1.7091122608153142,1.720836041682827,0.006356503600024084,1.0,0.006356503600024084,1.0,0.004981763078098352,1.0,1.0,0.004981763078098352
pilot,44.35181534732877,7.991255296914801,1.6527404595545132,1.908493788123048,1.6019225548607765,1.721846299918496,1.720836041682827,0.006356503600024084,1.0,0.006356503600024084,1.0,0.004981763078098352,1.0,1.0,0.004981763078098352
pilot,44.35181534732877,7.991255296914801,1.6527404595545132,1.908493788123048,1.6019225548607765,1.728182899035703,1.720836041682827,0.006356503600024084,1.0,0.006356503600024084,1.0,0.004981763078098352,1.0,1.0,0.004981763078098352
pilot,44.35181534732877,7.991255296914801,1.6527404595545132,1.908493788123048,1.6019225548607765,1.714266480804285,1.720836041682827,0.006356503600024084,1.0,0.006356503600024084,1.0,0.004981763078098352,1.0,1.0,0.004981763078098352
pilot,44.35181534732877,7.991255296914801,1.6527404595545132,1.908493788123048,1.6019225548607765,1.7244474556232012,1.720836041682827,0.006356503600024084,1.0,0.006356503600024084,1.0,0.004981763078098352,1.0,1.0,0.004981763078098352
pilot,44.35181534732877,7.991255296914801,1.6527404595545132,1.908493788123048,1.6019225548607765,1.7098051620960542,1.720836041682827,0.006356503600024084,1.0,0.006356503600024084,1.0,0.004981763078098352,1.0,1.0,0.004981763078098352
pilot,44.35181534732877,7.991255296914801,1.6527404595545132,1.908493788123048,1.6019225548607765,1.719248085030919,1.720836041682827,0.006356503600024084,1.0,0.006356503600024084,1.0,0.004981763078098352,1.0,1.0,0.004981763078098352
pilot,44.35181534732877,7.991255296914801,1.6527404595545132,1.908493788123048,1.6019225548607765,1.7278159597869016,1.720836041682827,0.006356503600024084,1.0,0.006356503600024084,1.0,0.004981763078098352,1.0,1.0,0.004981763078098352
pilot,44.35181534732877,7.991255296914801,1.6527404595545132,1.908493788123048,1.6019225548607765,1.7221576808372263,1.720836041682827,0.006356503600024084,1.0,0.006356503600024084,1.0,0.004981763078098352,1.0,1.0,0.004981763078098352
pilot,44.35181534732877,7.991255296914801,1.6527404595545132,1.908493788123048,1.6019225548607765,1.7211373979337212,1.720836041682827,0.006356503600024084,1.0,0.006356503600024084,1.0,0.004981763078098352,1.0,1.0,0.004981763078098352
pilot,51.52412017245634,9.22655091239048,0.368505843195887,1.5853897904650591,1.083663165797044,1.4025920214516845,1.3991920501845372,0.005091271429295627,1.0,0.005091271429295627,1.0,0.004981763078098352,1.0,1.0,0.004981763078098352
pilot,51.52412017245634,9.22655091239048,0.368505843195887,1.5853897904650591,1.083663165797044,1.391888897401751,1.3991920501845372,0.005091271429295627,1.0,0.005091271429295627,1.0,0.004981763078098352,1.0,1.0,0.004981763078098352
pilot,51.52412017245634,9.22655091239048,0.368505843195887,1.5853897904650591,1.083663165797044,1.4030070539053598,1.3991920501845372,0.005091271429295627,1.0,0.005091271429295627,1.0,0.004981763078098352,1.0,1.0,0.004981763078098352
pilot,51.52412017245634,9.22655091239048,0.368505843195887,1.5853897904650591,1.083663165797044,1.3999061839474032,1.3991920501845372,0.005091271429295627,1.0,0.005091271429295627,1.0,0.004981763078098352,1.0,1.0,0.004981763078098352
pilot,51.52412017245634,9.22655091239048,0.368505843195887,1.5853897904650591,1.083663165797044,1.4017320691375497,1.3991920501845372,0.005091271429295627,1.0,0.005091271429295627,1.0,0.004981763078098352,1.0,1.0,0.004981763078098352
pilot,51.52412017245634,9.22655091239048,0.368505843195887,1.5853897904650591,1.083663165797044,1.3947560853538956,1.3991920501845372,0.005091271429295627,1.0,0.005091271429295627,1.0,0.004981763078098352,1.0,1.0,0.004981763078098352
pilot,51.52412017245634,9.22655091239048,0.368505843195887,1.5853897904650591,1.083663165797044,1.4078305426944102,1.3991920501845372,0.005091271429295627,1.0,0.005091271429295627,1.0,0.004981763078098352,1.0,1.0,0.004981763078098352
pilot,51.52412017245634,9.22655091239048,0.368505843195887,1.5853897904650591,1.083663165797044,1.4017643668424684,1.3991920501845372,0.005091271429295627,1.0,0.005091271429295627,1.0,0.004981763078098352,1.0,1.0,0.004981763078098352
pilot,51.52412017245634,9.22655091239048,0.368505843195887,1.5853897904650591,1.083663165797044,1.3995079951291416,1.3991920501845372,0.005091271429295627,1.0,0.005091271429295627,1.0,0.004981763078098352,1.0,1.0,0.004981763078098352
pilot,51.52412017245634,9.22655091239048,0.368505843195887,1.5853897904650591,1.083663165797044,1.3993588829342614,1.3991920501845372,0.005091271429295627,1.0,0.005091271429295627,1.0,0.004981763078098352,1.0,1.0,0.004981763078098352
pilot,51.52412017245634,9.22655091239048,0.368505843195887,1.5853897904650591,1.083663165797044,1.4034926220018322,1.3991920501845372,0.005091271429295627,1.0,0.005091271429295627,1.0,0.004981763078098352,1.0,1.0,0.004981763078098352
pilot,51.52412017245634,9.22655091239048,0.368505843195887,1.5853897904650591,1.083663165797044,1.4058026095703031,1.3991920501845372,0.005091271429295627,1.0,0.005091271429295627,1.0,0.004981763078098352,1.0,1.0,0.004981763078098352
pilot,51.52412017245634,9.22655091239048,0.368505843195887,1.5853897904650591,1.083663165797044,1.4070233433525383,1.3991920501845372,0.005091271429295627,1.0,0.005091271429295627,1.0,0.004981763078098352,1.0,1.0,0.004981763078098352
pilot,51.52412017245634,9.22655091239048,0.368505843195887,1.5853897904650591,1.083663165797044,1.3996434891270582,1.3991920501845372,0.005091271429295627,1.0,0.005091271429295627,1.0,0.004981763078098352,1.0,1.0,0.004981763078098352
pilot,51.52412017245634,9.22655091239048,0.368505843195887,1.5853897904650591,1.083663165797044,1.396563795204066,1.3991920501845372,0.005091271429295627,1.0,0.005091271429295627,1.0,0.004981763078098352,1.0,1.0,0.004981763078098352
pilot,51.52412017245634,9.22655091239048,0.368505843195887,1.5853897904650591,1.083663165797044,1.3912470053851884,1.3991920501845372,0.005091271429295627,1.0,0.005091271429295627,1.0,0.004981763078098352,1.0,1.0,0.004981763078098352
pilot,51.52412017245634,9.22655091239048,0.368505843195887,1.5853897904650591,1.083663165797044,1.3969334220985845,1.3991920501845372,0.005091271429295627,1.0,0.005091271429295627,1.0,0.004981763078098352,1.0,1.0,0.004981763078098352
pilot,51.52412017245634,9.22655091239048,0.368505843195887,1.5853897904650591,1.083663165797044,1.3907479256668172,1.3991920501845372,0.005091271429295627,1.0,0.005091271429295627,1.0,0.004981763078098352,1.0,1.0,0.004981763078098352
pilot,51.52412017245634,9.22655091239048,0.368505843195887,1.5853897904650591,1.083663165797044,1.39481009070551,1.3991920501845372,0.005091271429295627,1.0,0.005091271429295627,1.0,0.004981763078098352,1.0,1.0,0.004981763078098352
pilot,51.52412017245634,9.22655091239048,0.368505843195887,1.5853897904650591,1.083663165797044,1.3952326017809231,1.3991920501845372,0.005091271429295627,1.0,0.005091271429295627,1.0,0.004981763078098352,1.0,1.0,0.004981763078098352
pilot,34.68108583269521,8.228109982728935,1.5048063169682886,1.69231019541095,1.7832482222209858,9.30610586284031,9.316378730973907,0.005575555492934579,1.0,0.005575555492934579,1.0,0.004981763078098352,1.0,1.0,0.004981763078098352
pilot,34.68108583269521,8.228109982728935,1.5048063169682886,1.69231019541095,1.7832482222209858,9.318911997818144,9.316378730973907,0.005575555492934579,1.0,0.005575555492934579,1.0,0.004981763078098352,1.0,1.0,0.004981763078098352
pilot,34.68108583269521,8.228109982728935,1.5048063169682886,1.69231019541095,1.7832482222209858,9.312806973086232,9.316378730973907,0.005575555492934579,1.0,0.005575555492934579,1.0,0.004981763078098352,1.0,1.0,0.004981763078098352
pilot,34.68108583269521,8.228109982728935,1.5048063169682886,1.69231019541095,1.7832482222209858,9.306817390235087,9.316378730973907,0.005575555492934579,1.0,0.005575555492934579,1.0,0.004981763078098352,1.0,1.0,0.004981763078098352
pilot,34.68108583269521,8.228109982728935,1.5048063169682886,1.69231019541095,1.7832482222209858,9.32381031538171,9.316378730973907,0.005575555492934579,1.0,0.005575555492934579,1.0,0.004981763078098352,1.0,1.0,0.004981763078098352
pilot,34.68108583269521,8.228109982728935,1.5048063169682886,1.69231019541095,1.7832482222209858,9.320332070055576,9.316378730973907,0.005575555492934579,1.0,0.005575555492934579,1.0,0.004981763078098352,1.0,1.0,0.004981763078098352
pilot,34.68108583269521,8.228109982728935,1.5048063169682886,1.69231019541095,1.7832482222209858,9.31955741928848,9.316378730973907,0.005575555492934579,1.0,0.005575555492934579,1.0,0.004981763078098352,1.0,1.0,0.004981763078098352
pilot,34.68108583269521,8.228109982728935,1.5048063169682886,1.69231019541095,1.7832482222209858,9.3178225325099,9.316378730973907,0.005575555492934579,1.0,0.005575555492934579,1.0,0.004981763078098352,1.0,1.0,0.004981763078098352
pilot,34.68108583269521,8.228109982728935,1.5048063169682886,1.69231019541095,1.7832482222209858,9.314830313811388,9.316378730973907,0.005575555492934579,1.0,0.005575555492934579,1.0,0.004981763078098352,1.0,1.0,0.004981763078098352
pilot,34.68108583269521,8.228109982728935,1.5048063169682886,1.69231019541095,1.7832482222209858,9.326635177775188,9.316378730973907,0.005575555492934579,1.0,0.005575555492934579,1.0,0.004981763078098352,1.0,1.0,0.004981763078098352
pilot,34.68108583269521,8.228109982728935,1.5048063169682886,1.69231019541095,1.7832482222209858,9.317694156355907,9.316378730973907,0.005575555492934579,1.0,0.005575555492934579,1.0,0.004981763078098352,1.0,1.0,0.004981763078098352
pilot,34.68108583269521,8.228109982728935,1.5048063169682886,1.69231019541095,1.7832482222209858,9.318191027723982,9.316378730973907,0.005575555492934579,1.0,0.005575555492934579,1.0,0.004981763078098352,1.0,1.0,0.004981763078098352
pilot,34.68108583269521,8.228109982728935,1.5048063169682886,1.69231019541095,1.7832482222209858,9.319909230073726,9.316378730973907,0.005575555492934579,1.0,0.005575555492934579,1.0,0.004981763078098352,1.0,1.0,0.004981763078098352
pilot,34.68108583269521,8.228109982728935,1.5048063169682886,1.69231019541095,1.7832482222209858,9.306908495340942,9.316378730973907,0.005575555492934579,1.0,0.005575555492934579,1.0,0.004981763078098352,1.0,1.0,0.004981763078098352
pilot,34.68108583269521,8.228109982728935,1.5048063169682886,1.69231019541095,1.7832482222209858,9.314401125944766,9.316378730973907,0.005575555492934579,1.0,0.005575555492934579,1.0,0.004981763078098352,1.0,1.0,0.004981763078098352
pilot,34.68108583269521,8.228109982728935,1.5048063169682886,1.69231019541095,1.7832482222209858,9.313907754901788,9.316378730973907,0.005575555492934579,1.0,0.005575555492934579,1.0,0.004981763078098352,1.0,1.0,0.004981763078098352
pilot,34.68108583269521,8.228109982728935,1.5048063169682886,1.69231019541095,1.7832482222209858,9.31786644063022,9.316378730973907,0.005575555492934579,1.0,0.005575555492934579,1.0,0.004981763078098352,1.0,1.0,0.004981763078098352
pilot,34.68108583269521,8.228109982728935,1.5048063169682886,1.69231019541095,1.7832482222209858,9.31053209359506,9.316378730973907,0.005575555492934579,1.0,0.005575555492934579,1.0,0.004981763078098352,1.0,1.0,0.004981763078098352
pilot,34.68108583269521,8.228109982728935,1.5048063169682886,1.69231019541095,1.7832482222209858,9.32045226484728,9.316378730973907,0.005575555492934579,1.0,0.005575555492934579,1.0,0.004981763078098352,1.0,1.0,0.004981763078098352
pilot,34.68108583269521,8.228109982728935,1.5048063169682886,1.69231019541095,1.7832482222209858,9.320081977262486,9.316378730973907,0.005575555492934579,1.0,0.005575555492934579,1.0,0.004981763078098352,1.0,1.0,0.004981763078098352
